{
    "results": {
        "tool": {
            "name": "pytest",
            "version": "8.4.1"
        },
        "summary": {
            "tests": 1,
            "passed": 1,
            "failed": 0,
            "skipped": 0,
            "pending": 0,
            "other": 0,
            "start": 1772842929.7448225,
            "stop": 1772842929.7533076
        },
        "tests": [
            {
                "name": "test_outputs.py::test_outputs",
                "status": "passed",
                "duration": 0.0008721749763935804,
                "start": 1772842929.751902,
                "stop": 1772842929.7530391,
                "retries": 0,
                "file_path": "test_outputs.py"
            }
        ]
    }
}