{
    "results": {
        "tool": {
            "name": "pytest",
            "version": "8.4.1"
        },
        "summary": {
            "tests": 1,
            "passed": 1,
            "failed": 0,
            "skipped": 0,
            "pending": 0,
            "other": 0,
            "start": 1773918846.972018,
            "stop": 1773918846.976372
        },
        "tests": [
            {
                "name": "test_outputs.py::test_outputs",
                "status": "passed",
                "duration": 0.00028283894062042236,
                "start": 1773918846.9758644,
                "stop": 1773918846.976274,
                "retries": 0,
                "file_path": "test_outputs.py"
            }
        ]
    }
}