{
    "results": {
        "tool": {
            "name": "pytest",
            "version": "8.4.1"
        },
        "summary": {
            "tests": 1,
            "passed": 1,
            "failed": 0,
            "skipped": 0,
            "pending": 0,
            "other": 0,
            "start": 1772858949.4224093,
            "stop": 1772858949.4315615
        },
        "tests": [
            {
                "name": "test_outputs.py::test_outputs",
                "status": "passed",
                "duration": 0.0008122050203382969,
                "start": 1772858949.4301863,
                "stop": 1772858949.4312677,
                "retries": 0,
                "file_path": "test_outputs.py"
            }
        ]
    }
}