{
    "results": {
        "tool": {
            "name": "pytest",
            "version": "8.4.1"
        },
        "summary": {
            "tests": 1,
            "passed": 1,
            "failed": 0,
            "skipped": 0,
            "pending": 0,
            "other": 0,
            "start": 1773906421.3969572,
            "stop": 1773906421.402554
        },
        "tests": [
            {
                "name": "test_outputs.py::test_outputs",
                "status": "passed",
                "duration": 0.00032038986682891846,
                "start": 1773906421.4019814,
                "stop": 1773906421.402442,
                "retries": 0,
                "file_path": "test_outputs.py"
            }
        ]
    }
}