{
    "results": {
        "tool": {
            "name": "pytest",
            "version": "8.4.1"
        },
        "summary": {
            "tests": 1,
            "passed": 1,
            "failed": 0,
            "skipped": 0,
            "pending": 0,
            "other": 0,
            "start": 1772837552.5196338,
            "stop": 1772837552.530123
        },
        "tests": [
            {
                "name": "test_outputs.py::test_outputs",
                "status": "passed",
                "duration": 0.0009388939943164587,
                "start": 1772837552.5286863,
                "stop": 1772837552.5298665,
                "retries": 0,
                "file_path": "test_outputs.py"
            }
        ]
    }
}