{
    "results": {
        "tool": {
            "name": "pytest",
            "version": "8.4.1"
        },
        "summary": {
            "tests": 1,
            "passed": 1,
            "failed": 0,
            "skipped": 0,
            "pending": 0,
            "other": 0,
            "start": 1772861639.8405256,
            "stop": 1772861639.848329
        },
        "tests": [
            {
                "name": "test_outputs.py::test_outputs",
                "status": "passed",
                "duration": 0.0006710030138492584,
                "start": 1772861639.8471932,
                "stop": 1772861639.8481126,
                "retries": 0,
                "file_path": "test_outputs.py"
            }
        ]
    }
}