{
    "results": {
        "tool": {
            "name": "pytest",
            "version": "8.4.1"
        },
        "summary": {
            "tests": 1,
            "passed": 1,
            "failed": 0,
            "skipped": 0,
            "pending": 0,
            "other": 0,
            "start": 1774508348.5659401,
            "stop": 1774508348.5692792
        },
        "tests": [
            {
                "name": "test_outputs.py::test_outputs",
                "status": "passed",
                "duration": 0.00028371403459459543,
                "start": 1774508348.5687044,
                "stop": 1774508348.5691226,
                "retries": 0,
                "file_path": "test_outputs.py"
            }
        ]
    }
}