{
    "results": {
        "tool": {
            "name": "pytest",
            "version": "8.4.1"
        },
        "summary": {
            "tests": 1,
            "passed": 1,
            "failed": 0,
            "skipped": 0,
            "pending": 0,
            "other": 0,
            "start": 1772861833.5048048,
            "stop": 1772861833.5123603
        },
        "tests": [
            {
                "name": "test_outputs.py::test_outputs",
                "status": "passed",
                "duration": 0.0008240289753302932,
                "start": 1772861833.5110555,
                "stop": 1772861833.5121405,
                "retries": 0,
                "file_path": "test_outputs.py"
            }
        ]
    }
}