{
    "results": {
        "tool": {
            "name": "pytest",
            "version": "8.4.1"
        },
        "summary": {
            "tests": 1,
            "passed": 1,
            "failed": 0,
            "skipped": 0,
            "pending": 0,
            "other": 0,
            "start": 1773905859.4846015,
            "stop": 1773905859.5232933
        },
        "tests": [
            {
                "name": "test_outputs.py::test_outputs",
                "status": "passed",
                "duration": 0.00029513146728277206,
                "start": 1773905859.5227542,
                "stop": 1773905859.5231879,
                "retries": 0,
                "file_path": "test_outputs.py"
            }
        ]
    }
}