{
    "results": {
        "tool": {
            "name": "pytest",
            "version": "8.4.1"
        },
        "summary": {
            "tests": 1,
            "passed": 1,
            "failed": 0,
            "skipped": 0,
            "pending": 0,
            "other": 0,
            "start": 1773912236.953215,
            "stop": 1773912236.957575
        },
        "tests": [
            {
                "name": "test_outputs.py::test_outputs",
                "status": "passed",
                "duration": 0.00027107633650302887,
                "start": 1773912236.957091,
                "stop": 1773912236.9574752,
                "retries": 0,
                "file_path": "test_outputs.py"
            }
        ]
    }
}