{
    "results": {
        "tool": {
            "name": "pytest",
            "version": "8.4.1"
        },
        "summary": {
            "tests": 1,
            "passed": 1,
            "failed": 0,
            "skipped": 0,
            "pending": 0,
            "other": 0,
            "start": 1772842608.8204458,
            "stop": 1772842608.828037
        },
        "tests": [
            {
                "name": "test_outputs.py::test_outputs",
                "status": "passed",
                "duration": 0.0006018319400027394,
                "start": 1772842608.8269515,
                "stop": 1772842608.8277922,
                "retries": 0,
                "file_path": "test_outputs.py"
            }
        ]
    }
}