{
    "results": {
        "tool": {
            "name": "pytest",
            "version": "8.4.1"
        },
        "summary": {
            "tests": 1,
            "passed": 1,
            "failed": 0,
            "skipped": 0,
            "pending": 0,
            "other": 0,
            "start": 1773241900.4398208,
            "stop": 1773241900.4445133
        },
        "tests": [
            {
                "name": "test_outputs.py::test_outputs",
                "status": "passed",
                "duration": 0.0003123171627521515,
                "start": 1773241900.4439538,
                "stop": 1773241900.4444118,
                "retries": 0,
                "file_path": "test_outputs.py"
            }
        ]
    }
}