{
    "results": {
        "tool": {
            "name": "pytest",
            "version": "8.4.1"
        },
        "summary": {
            "tests": 1,
            "passed": 1,
            "failed": 0,
            "skipped": 0,
            "pending": 0,
            "other": 0,
            "start": 1773908212.258275,
            "stop": 1773908212.262678
        },
        "tests": [
            {
                "name": "test_outputs.py::test_outputs",
                "status": "passed",
                "duration": 0.00026855990290641785,
                "start": 1773908212.2621958,
                "stop": 1773908212.262579,
                "retries": 0,
                "file_path": "test_outputs.py"
            }
        ]
    }
}