{
    "results": {
        "tool": {
            "name": "pytest",
            "version": "8.4.1"
        },
        "summary": {
            "tests": 1,
            "passed": 1,
            "failed": 0,
            "skipped": 0,
            "pending": 0,
            "other": 0,
            "start": 1773302417.3392777,
            "stop": 1773302417.3797607
        },
        "tests": [
            {
                "name": "test_outputs.py::test_outputs",
                "status": "passed",
                "duration": 0.00029376125894486904,
                "start": 1773302417.3792171,
                "stop": 1773302417.379651,
                "retries": 0,
                "file_path": "test_outputs.py"
            }
        ]
    }
}