{
    "results": {
        "tool": {
            "name": "pytest",
            "version": "8.4.1"
        },
        "summary": {
            "tests": 1,
            "passed": 1,
            "failed": 0,
            "skipped": 0,
            "pending": 0,
            "other": 0,
            "start": 1773906741.5756466,
            "stop": 1773906741.579873
        },
        "tests": [
            {
                "name": "test_outputs.py::test_outputs",
                "status": "passed",
                "duration": 0.0002626469358801842,
                "start": 1773906741.5794008,
                "stop": 1773906741.5797775,
                "retries": 0,
                "file_path": "test_outputs.py"
            }
        ]
    }
}