{
    "results": {
        "tool": {
            "name": "pytest",
            "version": "8.4.1"
        },
        "summary": {
            "tests": 1,
            "passed": 1,
            "failed": 0,
            "skipped": 0,
            "pending": 0,
            "other": 0,
            "start": 1773911369.9682329,
            "stop": 1773911369.9727874
        },
        "tests": [
            {
                "name": "test_outputs.py::test_outputs",
                "status": "passed",
                "duration": 0.0002635810524225235,
                "start": 1773911369.9723082,
                "stop": 1773911369.972687,
                "retries": 0,
                "file_path": "test_outputs.py"
            }
        ]
    }
}