{
    "results": {
        "tool": {
            "name": "pytest",
            "version": "8.4.1"
        },
        "summary": {
            "tests": 1,
            "passed": 1,
            "failed": 0,
            "skipped": 0,
            "pending": 0,
            "other": 0,
            "start": 1772828979.3811762,
            "stop": 1772828979.3886375
        },
        "tests": [
            {
                "name": "test_outputs.py::test_outputs",
                "status": "passed",
                "duration": 0.0008361629443243146,
                "start": 1772828979.3873022,
                "stop": 1772828979.3883834,
                "retries": 0,
                "file_path": "test_outputs.py"
            }
        ]
    }
}