{
    "results": {
        "tool": {
            "name": "pytest",
            "version": "8.4.1"
        },
        "summary": {
            "tests": 1,
            "passed": 1,
            "failed": 0,
            "skipped": 0,
            "pending": 0,
            "other": 0,
            "start": 1773904858.0774267,
            "stop": 1773904858.1162968
        },
        "tests": [
            {
                "name": "test_outputs.py::test_outputs",
                "status": "passed",
                "duration": 0.0002850056625902653,
                "start": 1773904858.1157768,
                "stop": 1773904858.1161928,
                "retries": 0,
                "file_path": "test_outputs.py"
            }
        ]
    }
}