{
    "results": {
        "tool": {
            "name": "pytest",
            "version": "8.4.1"
        },
        "summary": {
            "tests": 1,
            "passed": 1,
            "failed": 0,
            "skipped": 0,
            "pending": 0,
            "other": 0,
            "start": 1772853328.9545352,
            "stop": 1772853328.9623404
        },
        "tests": [
            {
                "name": "test_outputs.py::test_outputs",
                "status": "passed",
                "duration": 0.0007635751971974969,
                "start": 1772853328.9609983,
                "stop": 1772853328.9620564,
                "retries": 0,
                "file_path": "test_outputs.py"
            }
        ]
    }
}