{
    "results": {
        "tool": {
            "name": "pytest",
            "version": "8.4.1"
        },
        "summary": {
            "tests": 1,
            "passed": 1,
            "failed": 0,
            "skipped": 0,
            "pending": 0,
            "other": 0,
            "start": 1773915709.4200752,
            "stop": 1773915709.4453423
        },
        "tests": [
            {
                "name": "test_outputs.py::test_outputs",
                "status": "passed",
                "duration": 0.0003688617143779993,
                "start": 1773915709.444694,
                "stop": 1773915709.445214,
                "retries": 0,
                "file_path": "test_outputs.py"
            }
        ]
    }
}