{
    "results": {
        "tool": {
            "name": "pytest",
            "version": "8.4.1"
        },
        "summary": {
            "tests": 2,
            "passed": 2,
            "failed": 0,
            "skipped": 0,
            "pending": 0,
            "other": 0,
            "start": 1778124354.076824,
            "stop": 1778124354.0861902
        },
        "tests": [
            {
                "name": "test_final_state.py::test_log_file_exists",
                "status": "passed",
                "duration": 0.0004630440380424261,
                "start": 1778124354.0843801,
                "stop": 1778124354.0850842,
                "retries": 0,
                "file_path": "test_final_state.py"
            },
            {
                "name": "test_final_state.py::test_secret_injected",
                "status": "passed",
                "duration": 0.0004624600987881422,
                "start": 1778124354.0853353,
                "stop": 1778124354.0859256,
                "retries": 0,
                "file_path": "test_final_state.py"
            }
        ]
    }
}