{
    "results": {
        "tool": {
            "name": "pytest",
            "version": "8.4.1"
        },
        "summary": {
            "tests": 1,
            "passed": 1,
            "failed": 0,
            "skipped": 0,
            "pending": 0,
            "other": 0,
            "start": 1773302880.9230742,
            "stop": 1773302880.9283307
        },
        "tests": [
            {
                "name": "test_outputs.py::test_outputs",
                "status": "passed",
                "duration": 0.000309038907289505,
                "start": 1773302880.9277709,
                "stop": 1773302880.9282193,
                "retries": 0,
                "file_path": "test_outputs.py"
            }
        ]
    }
}