{
    "results": {
        "tool": {
            "name": "pytest",
            "version": "8.4.1"
        },
        "summary": {
            "tests": 1,
            "passed": 1,
            "failed": 0,
            "skipped": 0,
            "pending": 0,
            "other": 0,
            "start": 1773888821.9926617,
            "stop": 1773888821.9979284
        },
        "tests": [
            {
                "name": "test_outputs.py::test_outputs",
                "status": "passed",
                "duration": 0.0003006616607308388,
                "start": 1773888821.9973695,
                "stop": 1773888821.9978046,
                "retries": 0,
                "file_path": "test_outputs.py"
            }
        ]
    }
}