{
    "results": {
        "tool": {
            "name": "pytest",
            "version": "8.4.1"
        },
        "summary": {
            "tests": 1,
            "passed": 1,
            "failed": 0,
            "skipped": 0,
            "pending": 0,
            "other": 0,
            "start": 1772846680.7962892,
            "stop": 1772846680.8068724
        },
        "tests": [
            {
                "name": "test_outputs.py::test_outputs",
                "status": "passed",
                "duration": 0.000760016031563282,
                "start": 1772846680.8055108,
                "stop": 1772846680.806571,
                "retries": 0,
                "file_path": "test_outputs.py"
            }
        ]
    }
}