{
    "results": {
        "tool": {
            "name": "pytest",
            "version": "8.4.1"
        },
        "summary": {
            "tests": 1,
            "passed": 1,
            "failed": 0,
            "skipped": 0,
            "pending": 0,
            "other": 0,
            "start": 1772830237.3495674,
            "stop": 1772830237.3578806
        },
        "tests": [
            {
                "name": "test_outputs.py::test_outputs",
                "status": "passed",
                "duration": 0.0008211999665945768,
                "start": 1772830237.3564906,
                "stop": 1772830237.3575993,
                "retries": 0,
                "file_path": "test_outputs.py"
            }
        ]
    }
}