{
    "results": {
        "tool": {
            "name": "pytest",
            "version": "8.4.1"
        },
        "summary": {
            "tests": 1,
            "passed": 1,
            "failed": 0,
            "skipped": 0,
            "pending": 0,
            "other": 0,
            "start": 1772860473.0785077,
            "stop": 1772860473.087031
        },
        "tests": [
            {
                "name": "test_outputs.py::test_outputs",
                "status": "passed",
                "duration": 0.0007394880522042513,
                "start": 1772860473.0857666,
                "stop": 1772860473.086784,
                "retries": 0,
                "file_path": "test_outputs.py"
            }
        ]
    }
}