{
    "results": {
        "tool": {
            "name": "pytest",
            "version": "8.4.1"
        },
        "summary": {
            "tests": 1,
            "passed": 1,
            "failed": 0,
            "skipped": 0,
            "pending": 0,
            "other": 0,
            "start": 1773908047.1077652,
            "stop": 1773908047.1132357
        },
        "tests": [
            {
                "name": "test_outputs.py::test_outputs",
                "status": "passed",
                "duration": 0.0003336910158395767,
                "start": 1773908047.1126494,
                "stop": 1773908047.1131222,
                "retries": 0,
                "file_path": "test_outputs.py"
            }
        ]
    }
}