{
    "results": {
        "tool": {
            "name": "pytest",
            "version": "8.4.1"
        },
        "summary": {
            "tests": 1,
            "passed": 1,
            "failed": 0,
            "skipped": 0,
            "pending": 0,
            "other": 0,
            "start": 1772842777.1163154,
            "stop": 1772842777.1265178
        },
        "tests": [
            {
                "name": "test_outputs.py::test_outputs",
                "status": "passed",
                "duration": 0.0009499018779024482,
                "start": 1772842777.1250308,
                "stop": 1772842777.1262388,
                "retries": 0,
                "file_path": "test_outputs.py"
            }
        ]
    }
}