{
    "results": {
        "tool": {
            "name": "pytest",
            "version": "8.4.1"
        },
        "summary": {
            "tests": 1,
            "passed": 1,
            "failed": 0,
            "skipped": 0,
            "pending": 0,
            "other": 0,
            "start": 1772855690.268461,
            "stop": 1772855690.2758226
        },
        "tests": [
            {
                "name": "test_outputs.py::test_outputs",
                "status": "passed",
                "duration": 0.0007686840835958719,
                "start": 1772855690.274496,
                "stop": 1772855690.2755582,
                "retries": 0,
                "file_path": "test_outputs.py"
            }
        ]
    }
}