{
    "results": {
        "tool": {
            "name": "pytest",
            "version": "8.4.1"
        },
        "summary": {
            "tests": 1,
            "passed": 1,
            "failed": 0,
            "skipped": 0,
            "pending": 0,
            "other": 0,
            "start": 1773288015.995842,
            "stop": 1773288016.0003858
        },
        "tests": [
            {
                "name": "test_outputs.py::test_outputs",
                "status": "passed",
                "duration": 0.0002917405217885971,
                "start": 1773288015.999866,
                "stop": 1773288016.0002823,
                "retries": 0,
                "file_path": "test_outputs.py"
            }
        ]
    }
}