{
    "results": {
        "tool": {
            "name": "pytest",
            "version": "8.4.1"
        },
        "summary": {
            "tests": 1,
            "passed": 1,
            "failed": 0,
            "skipped": 0,
            "pending": 0,
            "other": 0,
            "start": 1773904985.97657,
            "stop": 1773904985.981458
        },
        "tests": [
            {
                "name": "test_outputs.py::test_outputs",
                "status": "passed",
                "duration": 0.00027286913245916367,
                "start": 1773904985.9809737,
                "stop": 1773904985.9813623,
                "retries": 0,
                "file_path": "test_outputs.py"
            }
        ]
    }
}