{
    "results": {
        "tool": {
            "name": "pytest",
            "version": "8.4.1"
        },
        "summary": {
            "tests": 1,
            "passed": 1,
            "failed": 0,
            "skipped": 0,
            "pending": 0,
            "other": 0,
            "start": 1773888849.3769057,
            "stop": 1773888849.3815768
        },
        "tests": [
            {
                "name": "test_outputs.py::test_outputs",
                "status": "passed",
                "duration": 0.0002734381705522537,
                "start": 1773888849.381086,
                "stop": 1773888849.3814778,
                "retries": 0,
                "file_path": "test_outputs.py"
            }
        ]
    }
}