{
    "results": {
        "tool": {
            "name": "pytest",
            "version": "8.4.1"
        },
        "summary": {
            "tests": 1,
            "passed": 1,
            "failed": 0,
            "skipped": 0,
            "pending": 0,
            "other": 0,
            "start": 1773888533.2835357,
            "stop": 1773888533.3294027
        },
        "tests": [
            {
                "name": "test_outputs.py::test_outputs",
                "status": "passed",
                "duration": 0.00039446307346224785,
                "start": 1773888533.328679,
                "stop": 1773888533.329259,
                "retries": 0,
                "file_path": "test_outputs.py"
            }
        ]
    }
}