{
    "results": {
        "tool": {
            "name": "pytest",
            "version": "8.4.1"
        },
        "summary": {
            "tests": 1,
            "passed": 1,
            "failed": 0,
            "skipped": 0,
            "pending": 0,
            "other": 0,
            "start": 1772856085.072945,
            "stop": 1772856085.080609
        },
        "tests": [
            {
                "name": "test_outputs.py::test_outputs",
                "status": "passed",
                "duration": 0.0008279001340270042,
                "start": 1772856085.0793025,
                "stop": 1772856085.0803885,
                "retries": 0,
                "file_path": "test_outputs.py"
            }
        ]
    }
}