{
    "results": {
        "tool": {
            "name": "pytest",
            "version": "8.4.1"
        },
        "summary": {
            "tests": 1,
            "passed": 1,
            "failed": 0,
            "skipped": 0,
            "pending": 0,
            "other": 0,
            "start": 1772861713.21132,
            "stop": 1772861713.2220283
        },
        "tests": [
            {
                "name": "test_outputs.py::test_outputs",
                "status": "passed",
                "duration": 0.0006339179817587137,
                "start": 1772861713.2209022,
                "stop": 1772861713.2218008,
                "retries": 0,
                "file_path": "test_outputs.py"
            }
        ]
    }
}