{
    "results": {
        "tool": {
            "name": "pytest",
            "version": "8.4.1"
        },
        "summary": {
            "tests": 1,
            "passed": 1,
            "failed": 0,
            "skipped": 0,
            "pending": 0,
            "other": 0,
            "start": 1773908686.295662,
            "stop": 1773908686.3003004
        },
        "tests": [
            {
                "name": "test_outputs.py::test_outputs",
                "status": "passed",
                "duration": 0.00029256200650706887,
                "start": 1773908686.2997794,
                "stop": 1773908686.3001952,
                "retries": 0,
                "file_path": "test_outputs.py"
            }
        ]
    }
}