{
    "results": {
        "tool": {
            "name": "pytest",
            "version": "8.4.1"
        },
        "summary": {
            "tests": 1,
            "passed": 1,
            "failed": 0,
            "skipped": 0,
            "pending": 0,
            "other": 0,
            "start": 1773906790.3362117,
            "stop": 1773906790.340756
        },
        "tests": [
            {
                "name": "test_outputs.py::test_outputs",
                "status": "passed",
                "duration": 0.00026333145797252655,
                "start": 1773906790.3402805,
                "stop": 1773906790.3406587,
                "retries": 0,
                "file_path": "test_outputs.py"
            }
        ]
    }
}