{
    "results": {
        "tool": {
            "name": "pytest",
            "version": "8.4.1"
        },
        "summary": {
            "tests": 1,
            "passed": 1,
            "failed": 0,
            "skipped": 0,
            "pending": 0,
            "other": 0,
            "start": 1773241861.2094524,
            "stop": 1773241861.2140107
        },
        "tests": [
            {
                "name": "test_outputs.py::test_outputs",
                "status": "passed",
                "duration": 0.00027475692331790924,
                "start": 1773241861.2135203,
                "stop": 1773241861.213912,
                "retries": 0,
                "file_path": "test_outputs.py"
            }
        ]
    }
}