{
    "results": {
        "tool": {
            "name": "pytest",
            "version": "8.4.1"
        },
        "summary": {
            "tests": 1,
            "passed": 1,
            "failed": 0,
            "skipped": 0,
            "pending": 0,
            "other": 0,
            "start": 1772825364.5776095,
            "stop": 1772825364.5880313
        },
        "tests": [
            {
                "name": "test_outputs.py::test_outputs",
                "status": "passed",
                "duration": 0.0006724679842591286,
                "start": 1772825364.5867906,
                "stop": 1772825364.5877802,
                "retries": 0,
                "file_path": "test_outputs.py"
            }
        ]
    }
}