{
    "results": {
        "tool": {
            "name": "pytest",
            "version": "8.4.1"
        },
        "summary": {
            "tests": 1,
            "passed": 1,
            "failed": 0,
            "skipped": 0,
            "pending": 0,
            "other": 0,
            "start": 1773918839.4567993,
            "stop": 1773918839.4620695
        },
        "tests": [
            {
                "name": "test_outputs.py::test_outputs",
                "status": "passed",
                "duration": 0.0003444529138505459,
                "start": 1773918839.4614797,
                "stop": 1773918839.4619577,
                "retries": 0,
                "file_path": "test_outputs.py"
            }
        ]
    }
}