{
    "results": {
        "tool": {
            "name": "pytest",
            "version": "8.4.1"
        },
        "summary": {
            "tests": 1,
            "passed": 1,
            "failed": 0,
            "skipped": 0,
            "pending": 0,
            "other": 0,
            "start": 1773241824.17612,
            "stop": 1773241824.1816669
        },
        "tests": [
            {
                "name": "test_outputs.py::test_outputs",
                "status": "passed",
                "duration": 0.00033714063465595245,
                "start": 1773241824.1810155,
                "stop": 1773241824.1815453,
                "retries": 0,
                "file_path": "test_outputs.py"
            }
        ]
    }
}