{
    "results": {
        "tool": {
            "name": "pytest",
            "version": "8.4.1"
        },
        "summary": {
            "tests": 1,
            "passed": 1,
            "failed": 0,
            "skipped": 0,
            "pending": 0,
            "other": 0,
            "start": 1773241798.6084402,
            "stop": 1773241798.6132753
        },
        "tests": [
            {
                "name": "test_outputs.py::test_outputs",
                "status": "passed",
                "duration": 0.00030669732950627804,
                "start": 1773241798.612738,
                "stop": 1773241798.613172,
                "retries": 0,
                "file_path": "test_outputs.py"
            }
        ]
    }
}