{
    "results": {
        "tool": {
            "name": "pytest",
            "version": "8.4.1"
        },
        "summary": {
            "tests": 1,
            "passed": 1,
            "failed": 0,
            "skipped": 0,
            "pending": 0,
            "other": 0,
            "start": 1772840189.5880682,
            "stop": 1772840189.5965998
        },
        "tests": [
            {
                "name": "test_outputs.py::test_outputs",
                "status": "passed",
                "duration": 0.000779594061896205,
                "start": 1772840189.5952694,
                "stop": 1772840189.596348,
                "retries": 0,
                "file_path": "test_outputs.py"
            }
        ]
    }
}