{
    "results": {
        "tool": {
            "name": "pytest",
            "version": "8.4.1"
        },
        "summary": {
            "tests": 1,
            "passed": 1,
            "failed": 0,
            "skipped": 0,
            "pending": 0,
            "other": 0,
            "start": 1772826052.2103353,
            "stop": 1772826052.2185643
        },
        "tests": [
            {
                "name": "test_outputs.py::test_outputs",
                "status": "passed",
                "duration": 0.0007725430186837912,
                "start": 1772826052.217296,
                "stop": 1772826052.2183397,
                "retries": 0,
                "file_path": "test_outputs.py"
            }
        ]
    }
}