{
    "results": {
        "tool": {
            "name": "pytest",
            "version": "8.4.1"
        },
        "summary": {
            "tests": 1,
            "passed": 1,
            "failed": 0,
            "skipped": 0,
            "pending": 0,
            "other": 0,
            "start": 1772827580.0015025,
            "stop": 1772827580.0118861
        },
        "tests": [
            {
                "name": "test_outputs.py::test_outputs",
                "status": "passed",
                "duration": 0.0008835808839648962,
                "start": 1772827580.0104208,
                "stop": 1772827580.0115821,
                "retries": 0,
                "file_path": "test_outputs.py"
            }
        ]
    }
}