{
    "results": {
        "tool": {
            "name": "pytest",
            "version": "8.4.1"
        },
        "summary": {
            "tests": 1,
            "passed": 1,
            "failed": 0,
            "skipped": 0,
            "pending": 0,
            "other": 0,
            "start": 1773241811.09083,
            "stop": 1773241811.0952103
        },
        "tests": [
            {
                "name": "test_outputs.py::test_outputs",
                "status": "passed",
                "duration": 0.0002690497785806656,
                "start": 1773241811.0947177,
                "stop": 1773241811.0951114,
                "retries": 0,
                "file_path": "test_outputs.py"
            }
        ]
    }
}