{
    "results": {
        "tool": {
            "name": "pytest",
            "version": "8.4.1"
        },
        "summary": {
            "tests": 1,
            "passed": 1,
            "failed": 0,
            "skipped": 0,
            "pending": 0,
            "other": 0,
            "start": 1773906455.0415268,
            "stop": 1773906455.0462444
        },
        "tests": [
            {
                "name": "test_outputs.py::test_outputs",
                "status": "passed",
                "duration": 0.00026301853358745575,
                "start": 1773906455.0457704,
                "stop": 1773906455.0461485,
                "retries": 0,
                "file_path": "test_outputs.py"
            }
        ]
    }
}