{
    "results": {
        "tool": {
            "name": "pytest",
            "version": "8.4.1"
        },
        "summary": {
            "tests": 1,
            "passed": 1,
            "failed": 0,
            "skipped": 0,
            "pending": 0,
            "other": 0,
            "start": 1773302623.2772298,
            "stop": 1773302623.2821834
        },
        "tests": [
            {
                "name": "test_outputs.py::test_outputs",
                "status": "passed",
                "duration": 0.00031901965849101543,
                "start": 1773302623.281606,
                "stop": 1773302623.282066,
                "retries": 0,
                "file_path": "test_outputs.py"
            }
        ]
    }
}