{
    "results": {
        "tool": {
            "name": "pytest",
            "version": "8.4.1"
        },
        "summary": {
            "tests": 2,
            "passed": 2,
            "failed": 0,
            "skipped": 0,
            "pending": 0,
            "other": 0,
            "start": 1776269264.7682872,
            "stop": 1776269264.8614228
        },
        "tests": [
            {
                "name": "test_final_state.py::test_file_content",
                "status": "passed",
                "duration": 0.0007461104542016983,
                "start": 1776269264.8359253,
                "stop": 1776269264.8369415,
                "retries": 0,
                "file_path": "test_final_state.py"
            },
            {
                "name": "test_final_state.py::test_jj_log",
                "status": "passed",
                "duration": 0.02390121202915907,
                "start": 1776269264.8371358,
                "stop": 1776269264.861237,
                "retries": 0,
                "file_path": "test_final_state.py"
            }
        ]
    }
}