{
    "results": {
        "tool": {
            "name": "pytest",
            "version": "8.4.1"
        },
        "summary": {
            "tests": 1,
            "passed": 1,
            "failed": 0,
            "skipped": 0,
            "pending": 0,
            "other": 0,
            "start": 1772826263.1357918,
            "stop": 1772826263.1433296
        },
        "tests": [
            {
                "name": "test_outputs.py::test_outputs",
                "status": "passed",
                "duration": 0.0007749201031401753,
                "start": 1772826263.1420858,
                "stop": 1772826263.1431143,
                "retries": 0,
                "file_path": "test_outputs.py"
            }
        ]
    }
}