{
    "results": {
        "tool": {
            "name": "pytest",
            "version": "8.4.1"
        },
        "summary": {
            "tests": 1,
            "passed": 1,
            "failed": 0,
            "skipped": 0,
            "pending": 0,
            "other": 0,
            "start": 1773912224.9406147,
            "stop": 1773912224.9456558
        },
        "tests": [
            {
                "name": "test_outputs.py::test_outputs",
                "status": "passed",
                "duration": 0.0002890101168304682,
                "start": 1773912224.9451134,
                "stop": 1773912224.9455512,
                "retries": 0,
                "file_path": "test_outputs.py"
            }
        ]
    }
}