{
    "results": {
        "tool": {
            "name": "pytest",
            "version": "8.4.1"
        },
        "summary": {
            "tests": 1,
            "passed": 1,
            "failed": 0,
            "skipped": 0,
            "pending": 0,
            "other": 0,
            "start": 1772852227.6126523,
            "stop": 1772852227.622626
        },
        "tests": [
            {
                "name": "test_outputs.py::test_outputs",
                "status": "passed",
                "duration": 0.0008038650266826153,
                "start": 1772852227.6212335,
                "stop": 1772852227.622285,
                "retries": 0,
                "file_path": "test_outputs.py"
            }
        ]
    }
}