{
    "results": {
        "tool": {
            "name": "pytest",
            "version": "8.4.1"
        },
        "summary": {
            "tests": 1,
            "passed": 1,
            "failed": 0,
            "skipped": 0,
            "pending": 0,
            "other": 0,
            "start": 1772855373.9654765,
            "stop": 1772855374.0380473
        },
        "tests": [
            {
                "name": "test_outputs.py::test_outputs",
                "status": "passed",
                "duration": 0.0006404111627489328,
                "start": 1772855374.0369215,
                "stop": 1772855374.0378492,
                "retries": 0,
                "file_path": "test_outputs.py"
            }
        ]
    }
}