{
    "results": {
        "tool": {
            "name": "pytest",
            "version": "8.4.1"
        },
        "summary": {
            "tests": 1,
            "passed": 1,
            "failed": 0,
            "skipped": 0,
            "pending": 0,
            "other": 0,
            "start": 1772842605.5127776,
            "stop": 1772842605.5217638
        },
        "tests": [
            {
                "name": "test_outputs.py::test_outputs",
                "status": "passed",
                "duration": 0.0006757269147783518,
                "start": 1772842605.520588,
                "stop": 1772842605.5215309,
                "retries": 0,
                "file_path": "test_outputs.py"
            }
        ]
    }
}