{
    "results": {
        "tool": {
            "name": "pytest",
            "version": "8.4.1"
        },
        "summary": {
            "tests": 1,
            "passed": 1,
            "failed": 0,
            "skipped": 0,
            "pending": 0,
            "other": 0,
            "start": 1772853505.8089364,
            "stop": 1772853505.816353
        },
        "tests": [
            {
                "name": "test_outputs.py::test_outputs",
                "status": "passed",
                "duration": 0.0006804568693041801,
                "start": 1772853505.8152096,
                "stop": 1772853505.8161557,
                "retries": 0,
                "file_path": "test_outputs.py"
            }
        ]
    }
}