{
    "results": {
        "tool": {
            "name": "pytest",
            "version": "8.4.1"
        },
        "summary": {
            "tests": 1,
            "passed": 1,
            "failed": 0,
            "skipped": 0,
            "pending": 0,
            "other": 0,
            "start": 1772831764.0804157,
            "stop": 1772831764.088005
        },
        "tests": [
            {
                "name": "test_outputs.py::test_outputs",
                "status": "passed",
                "duration": 0.0007628899766132236,
                "start": 1772831764.0867932,
                "stop": 1772831764.087781,
                "retries": 0,
                "file_path": "test_outputs.py"
            }
        ]
    }
}