{
    "results": {
        "tool": {
            "name": "pytest",
            "version": "8.4.1"
        },
        "summary": {
            "tests": 1,
            "passed": 1,
            "failed": 0,
            "skipped": 0,
            "pending": 0,
            "other": 0,
            "start": 1774508876.4757843,
            "stop": 1774508876.4804807
        },
        "tests": [
            {
                "name": "test_outputs.py::test_outputs",
                "status": "passed",
                "duration": 0.0003837949479930103,
                "start": 1774508876.4797218,
                "stop": 1774508876.4802947,
                "retries": 0,
                "file_path": "test_outputs.py"
            }
        ]
    }
}