{
    "results": {
        "tool": {
            "name": "pytest",
            "version": "8.4.1"
        },
        "summary": {
            "tests": 1,
            "passed": 1,
            "failed": 0,
            "skipped": 0,
            "pending": 0,
            "other": 0,
            "start": 1772845033.210419,
            "stop": 1772845033.2187674
        },
        "tests": [
            {
                "name": "test_outputs.py::test_outputs",
                "status": "passed",
                "duration": 0.0006693301256746054,
                "start": 1772845033.217516,
                "stop": 1772845033.2184577,
                "retries": 0,
                "file_path": "test_outputs.py"
            }
        ]
    }
}