{
    "results": {
        "tool": {
            "name": "pytest",
            "version": "8.4.1"
        },
        "summary": {
            "tests": 1,
            "passed": 1,
            "failed": 0,
            "skipped": 0,
            "pending": 0,
            "other": 0,
            "start": 1773888572.9711325,
            "stop": 1773888572.9756997
        },
        "tests": [
            {
                "name": "test_outputs.py::test_outputs",
                "status": "passed",
                "duration": 0.00026629865169525146,
                "start": 1773888572.975221,
                "stop": 1773888572.9756024,
                "retries": 0,
                "file_path": "test_outputs.py"
            }
        ]
    }
}