{
    "results": {
        "tool": {
            "name": "pytest",
            "version": "8.4.1"
        },
        "summary": {
            "tests": 1,
            "passed": 1,
            "failed": 0,
            "skipped": 0,
            "pending": 0,
            "other": 0,
            "start": 1772834531.9722714,
            "stop": 1772834531.9806817
        },
        "tests": [
            {
                "name": "test_outputs.py::test_outputs",
                "status": "passed",
                "duration": 0.0006602550856769085,
                "start": 1772834531.9795008,
                "stop": 1772834531.9804544,
                "retries": 0,
                "file_path": "test_outputs.py"
            }
        ]
    }
}