{
    "results": {
        "tool": {
            "name": "pytest",
            "version": "8.4.1"
        },
        "summary": {
            "tests": 2,
            "passed": 2,
            "failed": 0,
            "skipped": 0,
            "pending": 0,
            "other": 0,
            "start": 1776779752.7193239,
            "stop": 1776779752.7406046
        },
        "tests": [
            {
                "name": "test_final_state.py::test_config_file_exists",
                "status": "passed",
                "duration": 0.0005469860043376684,
                "start": 1776779752.7385387,
                "stop": 1776779752.7393863,
                "retries": 0,
                "file_path": "test_final_state.py"
            },
            {
                "name": "test_final_state.py::test_config_contents",
                "status": "passed",
                "duration": 0.0006551098776981235,
                "start": 1776779752.739612,
                "stop": 1776779752.740432,
                "retries": 0,
                "file_path": "test_final_state.py"
            }
        ]
    }
}