{
    "results": {
        "tool": {
            "name": "pytest",
            "version": "8.4.1"
        },
        "summary": {
            "tests": 1,
            "passed": 1,
            "failed": 0,
            "skipped": 0,
            "pending": 0,
            "other": 0,
            "start": 1772848060.0644124,
            "stop": 1772848060.0725892
        },
        "tests": [
            {
                "name": "test_outputs.py::test_outputs",
                "status": "passed",
                "duration": 0.000752433086745441,
                "start": 1772848060.0712993,
                "stop": 1772848060.0723507,
                "retries": 0,
                "file_path": "test_outputs.py"
            }
        ]
    }
}