{
    "results": {
        "tool": {
            "name": "pytest",
            "version": "8.4.1"
        },
        "summary": {
            "tests": 1,
            "passed": 1,
            "failed": 0,
            "skipped": 0,
            "pending": 0,
            "other": 0,
            "start": 1772853377.368662,
            "stop": 1772853377.3760478
        },
        "tests": [
            {
                "name": "test_outputs.py::test_outputs",
                "status": "passed",
                "duration": 0.0007964810356497765,
                "start": 1772853377.3747516,
                "stop": 1772853377.3757997,
                "retries": 0,
                "file_path": "test_outputs.py"
            }
        ]
    }
}