{
    "results": {
        "tool": {
            "name": "pytest",
            "version": "8.4.1"
        },
        "summary": {
            "tests": 1,
            "passed": 1,
            "failed": 0,
            "skipped": 0,
            "pending": 0,
            "other": 0,
            "start": 1774554778.0791533,
            "stop": 1774554778.0825193
        },
        "tests": [
            {
                "name": "test_outputs.py::test_outputs",
                "status": "passed",
                "duration": 0.00028354302048683167,
                "start": 1774554778.0819678,
                "stop": 1774554778.0823896,
                "retries": 0,
                "file_path": "test_outputs.py"
            }
        ]
    }
}