{
    "results": {
        "tool": {
            "name": "pytest",
            "version": "8.4.1"
        },
        "summary": {
            "tests": 1,
            "passed": 1,
            "failed": 0,
            "skipped": 0,
            "pending": 0,
            "other": 0,
            "start": 1772858853.5614362,
            "stop": 1772858853.5694547
        },
        "tests": [
            {
                "name": "test_outputs.py::test_outputs",
                "status": "passed",
                "duration": 0.0006738099036738276,
                "start": 1772858853.5682783,
                "stop": 1772858853.5691981,
                "retries": 0,
                "file_path": "test_outputs.py"
            }
        ]
    }
}