{
    "results": {
        "tool": {
            "name": "pytest",
            "version": "8.4.1"
        },
        "summary": {
            "tests": 1,
            "passed": 1,
            "failed": 0,
            "skipped": 0,
            "pending": 0,
            "other": 0,
            "start": 1772831117.3729315,
            "stop": 1772831117.4493916
        },
        "tests": [
            {
                "name": "test_outputs.py::test_outputs",
                "status": "passed",
                "duration": 0.0006585790542885661,
                "start": 1772831117.4482286,
                "stop": 1772831117.4491818,
                "retries": 0,
                "file_path": "test_outputs.py"
            }
        ]
    }
}