{
    "results": {
        "tool": {
            "name": "pytest",
            "version": "8.4.1"
        },
        "summary": {
            "tests": 1,
            "passed": 1,
            "failed": 0,
            "skipped": 0,
            "pending": 0,
            "other": 0,
            "start": 1773241827.5242395,
            "stop": 1773241827.529021
        },
        "tests": [
            {
                "name": "test_outputs.py::test_outputs",
                "status": "passed",
                "duration": 0.0002998401178047061,
                "start": 1773241827.5284925,
                "stop": 1773241827.528916,
                "retries": 0,
                "file_path": "test_outputs.py"
            }
        ]
    }
}