{
    "results": {
        "tool": {
            "name": "pytest",
            "version": "8.4.1"
        },
        "summary": {
            "tests": 1,
            "passed": 1,
            "failed": 0,
            "skipped": 0,
            "pending": 0,
            "other": 0,
            "start": 1772839971.0182374,
            "stop": 1772839971.0270534
        },
        "tests": [
            {
                "name": "test_outputs.py::test_outputs",
                "status": "passed",
                "duration": 0.0009373070206493139,
                "start": 1772839971.0256095,
                "stop": 1772839971.0267994,
                "retries": 0,
                "file_path": "test_outputs.py"
            }
        ]
    }
}