{
    "results": {
        "tool": {
            "name": "pytest",
            "version": "8.4.1"
        },
        "summary": {
            "tests": 1,
            "passed": 1,
            "failed": 0,
            "skipped": 0,
            "pending": 0,
            "other": 0,
            "start": 1772837226.5428512,
            "stop": 1772837226.550509
        },
        "tests": [
            {
                "name": "test_outputs.py::test_outputs",
                "status": "passed",
                "duration": 0.0006590030388906598,
                "start": 1772837226.549366,
                "stop": 1772837226.5502777,
                "retries": 0,
                "file_path": "test_outputs.py"
            }
        ]
    }
}