{
    "results": {
        "tool": {
            "name": "pytest",
            "version": "8.4.1"
        },
        "summary": {
            "tests": 1,
            "passed": 1,
            "failed": 0,
            "skipped": 0,
            "pending": 0,
            "other": 0,
            "start": 1772838750.8782125,
            "stop": 1772838750.8877993
        },
        "tests": [
            {
                "name": "test_outputs.py::test_outputs",
                "status": "passed",
                "duration": 0.0007337708957493305,
                "start": 1772838750.8865225,
                "stop": 1772838750.887517,
                "retries": 0,
                "file_path": "test_outputs.py"
            }
        ]
    }
}