{
    "results": {
        "tool": {
            "name": "pytest",
            "version": "8.4.1"
        },
        "summary": {
            "tests": 1,
            "passed": 1,
            "failed": 0,
            "skipped": 0,
            "pending": 0,
            "other": 0,
            "start": 1772839820.7085059,
            "stop": 1772839820.7160294
        },
        "tests": [
            {
                "name": "test_outputs.py::test_outputs",
                "status": "passed",
                "duration": 0.0007128159049898386,
                "start": 1772839820.7148278,
                "stop": 1772839820.7157836,
                "retries": 0,
                "file_path": "test_outputs.py"
            }
        ]
    }
}