{
    "results": {
        "tool": {
            "name": "pytest",
            "version": "8.4.1"
        },
        "summary": {
            "tests": 1,
            "passed": 1,
            "failed": 0,
            "skipped": 0,
            "pending": 0,
            "other": 0,
            "start": 1772826632.653457,
            "stop": 1772826632.662309
        },
        "tests": [
            {
                "name": "test_outputs.py::test_outputs",
                "status": "passed",
                "duration": 0.0010314489481970668,
                "start": 1772826632.6607795,
                "stop": 1772826632.6620722,
                "retries": 0,
                "file_path": "test_outputs.py"
            }
        ]
    }
}