{
    "results": {
        "tool": {
            "name": "pytest",
            "version": "8.4.1"
        },
        "summary": {
            "tests": 1,
            "passed": 1,
            "failed": 0,
            "skipped": 0,
            "pending": 0,
            "other": 0,
            "start": 1772823479.3442369,
            "stop": 1772823479.3525465
        },
        "tests": [
            {
                "name": "test_outputs.py::test_outputs",
                "status": "passed",
                "duration": 0.0006051789969205856,
                "start": 1772823479.3514626,
                "stop": 1772823479.3522975,
                "retries": 0,
                "file_path": "test_outputs.py"
            }
        ]
    }
}