{
    "results": {
        "tool": {
            "name": "pytest",
            "version": "8.4.1"
        },
        "summary": {
            "tests": 1,
            "passed": 1,
            "failed": 0,
            "skipped": 0,
            "pending": 0,
            "other": 0,
            "start": 1774553603.9969308,
            "stop": 1774553604.002726
        },
        "tests": [
            {
                "name": "test_outputs.py::test_outputs",
                "status": "passed",
                "duration": 0.0002757940092124045,
                "start": 1774553604.0021555,
                "stop": 1774553604.002579,
                "retries": 0,
                "file_path": "test_outputs.py"
            }
        ]
    }
}