{
    "results": {
        "tool": {
            "name": "pytest",
            "version": "8.4.1"
        },
        "summary": {
            "tests": 1,
            "passed": 1,
            "failed": 0,
            "skipped": 0,
            "pending": 0,
            "other": 0,
            "start": 1773911180.574016,
            "stop": 1773911180.5793767
        },
        "tests": [
            {
                "name": "test_outputs.py::test_outputs",
                "status": "passed",
                "duration": 0.0003264211118221283,
                "start": 1773911180.5788012,
                "stop": 1773911180.579264,
                "retries": 0,
                "file_path": "test_outputs.py"
            }
        ]
    }
}