{
    "results": {
        "tool": {
            "name": "pytest",
            "version": "8.4.1"
        },
        "summary": {
            "tests": 1,
            "passed": 1,
            "failed": 0,
            "skipped": 0,
            "pending": 0,
            "other": 0,
            "start": 1772845447.030646,
            "stop": 1772845447.0384812
        },
        "tests": [
            {
                "name": "test_outputs.py::test_outputs",
                "status": "passed",
                "duration": 0.0007583689875900745,
                "start": 1772845447.0372107,
                "stop": 1772845447.038235,
                "retries": 0,
                "file_path": "test_outputs.py"
            }
        ]
    }
}