{
    "results": {
        "tool": {
            "name": "pytest",
            "version": "8.4.1"
        },
        "summary": {
            "tests": 1,
            "passed": 1,
            "failed": 0,
            "skipped": 0,
            "pending": 0,
            "other": 0,
            "start": 1772856235.0012639,
            "stop": 1772856235.0100653
        },
        "tests": [
            {
                "name": "test_outputs.py::test_outputs",
                "status": "passed",
                "duration": 0.0008869610028341413,
                "start": 1772856235.008662,
                "stop": 1772856235.0098073,
                "retries": 0,
                "file_path": "test_outputs.py"
            }
        ]
    }
}