{
    "results": {
        "tool": {
            "name": "pytest",
            "version": "8.4.1"
        },
        "summary": {
            "tests": 1,
            "passed": 1,
            "failed": 0,
            "skipped": 0,
            "pending": 0,
            "other": 0,
            "start": 1774508733.8726501,
            "stop": 1774508733.8763595
        },
        "tests": [
            {
                "name": "test_outputs.py::test_outputs",
                "status": "passed",
                "duration": 0.00033371010795235634,
                "start": 1774508733.8757372,
                "stop": 1774508733.8762128,
                "retries": 0,
                "file_path": "test_outputs.py"
            }
        ]
    }
}