{
    "results": {
        "tool": {
            "name": "pytest",
            "version": "8.4.1"
        },
        "summary": {
            "tests": 1,
            "passed": 1,
            "failed": 0,
            "skipped": 0,
            "pending": 0,
            "other": 0,
            "start": 1774553071.5736604,
            "stop": 1774553071.5766346
        },
        "tests": [
            {
                "name": "test_outputs.py::test_outputs",
                "status": "passed",
                "duration": 0.00023812701692804694,
                "start": 1774553071.5761561,
                "stop": 1774553071.576513,
                "retries": 0,
                "file_path": "test_outputs.py"
            }
        ]
    }
}