{
    "results": {
        "tool": {
            "name": "pytest",
            "version": "8.4.1"
        },
        "summary": {
            "tests": 1,
            "passed": 1,
            "failed": 0,
            "skipped": 0,
            "pending": 0,
            "other": 0,
            "start": 1773888716.0651128,
            "stop": 1773888716.070687
        },
        "tests": [
            {
                "name": "test_outputs.py::test_outputs",
                "status": "passed",
                "duration": 0.00032633700175210834,
                "start": 1773888716.070095,
                "stop": 1773888716.0705714,
                "retries": 0,
                "file_path": "test_outputs.py"
            }
        ]
    }
}