{
    "results": {
        "tool": {
            "name": "pytest",
            "version": "8.4.1"
        },
        "summary": {
            "tests": 2,
            "passed": 2,
            "failed": 0,
            "skipped": 0,
            "pending": 0,
            "other": 0,
            "start": 1776269327.4217622,
            "stop": 1776269327.4387538
        },
        "tests": [
            {
                "name": "test_final_state.py::test_diff_file_exists",
                "status": "passed",
                "duration": 0.0008988846093416214,
                "start": 1776269327.435947,
                "stop": 1776269327.4371717,
                "retries": 0,
                "file_path": "test_final_state.py"
            },
            {
                "name": "test_final_state.py::test_diff_content",
                "status": "passed",
                "duration": 0.000690794549882412,
                "start": 1776269327.437589,
                "stop": 1776269327.4384627,
                "retries": 0,
                "file_path": "test_final_state.py"
            }
        ]
    }
}