{
    "results": {
        "tool": {
            "name": "pytest",
            "version": "8.4.1"
        },
        "summary": {
            "tests": 2,
            "passed": 2,
            "failed": 0,
            "skipped": 0,
            "pending": 0,
            "other": 0,
            "start": 1776780084.9770222,
            "stop": 1776780084.986597
        },
        "tests": [
            {
                "name": "test_final_state.py::test_report_json_exists",
                "status": "passed",
                "duration": 0.00046693196054548025,
                "start": 1776780084.9850023,
                "stop": 1776780084.9856656,
                "retries": 0,
                "file_path": "test_final_state.py"
            },
            {
                "name": "test_final_state.py::test_report_json_content",
                "status": "passed",
                "duration": 0.00047393800923600793,
                "start": 1776780084.9858508,
                "stop": 1776780084.9864526,
                "retries": 0,
                "file_path": "test_final_state.py"
            }
        ]
    }
}