{
    "results": {
        "tool": {
            "name": "pytest",
            "version": "8.4.1"
        },
        "summary": {
            "tests": 1,
            "passed": 1,
            "failed": 0,
            "skipped": 0,
            "pending": 0,
            "other": 0,
            "start": 1772834559.4332979,
            "stop": 1772834559.4413207
        },
        "tests": [
            {
                "name": "test_outputs.py::test_outputs",
                "status": "passed",
                "duration": 0.0008251919643953443,
                "start": 1772834559.440033,
                "stop": 1772834559.4411125,
                "retries": 0,
                "file_path": "test_outputs.py"
            }
        ]
    }
}