{
    "results": {
        "tool": {
            "name": "pytest",
            "version": "8.4.1"
        },
        "summary": {
            "tests": 1,
            "passed": 1,
            "failed": 0,
            "skipped": 0,
            "pending": 0,
            "other": 0,
            "start": 1773888667.5510175,
            "stop": 1773888667.5556052
        },
        "tests": [
            {
                "name": "test_outputs.py::test_outputs",
                "status": "passed",
                "duration": 0.00027335062623023987,
                "start": 1773888667.5551121,
                "stop": 1773888667.555506,
                "retries": 0,
                "file_path": "test_outputs.py"
            }
        ]
    }
}