{
    "results": {
        "tool": {
            "name": "pytest",
            "version": "8.4.1"
        },
        "summary": {
            "tests": 1,
            "passed": 1,
            "failed": 0,
            "skipped": 0,
            "pending": 0,
            "other": 0,
            "start": 1773905097.0015929,
            "stop": 1773905097.005925
        },
        "tests": [
            {
                "name": "test_outputs.py::test_outputs",
                "status": "passed",
                "duration": 0.0002683168277144432,
                "start": 1773905097.005445,
                "stop": 1773905097.0058265,
                "retries": 0,
                "file_path": "test_outputs.py"
            }
        ]
    }
}