{
    "results": {
        "tool": {
            "name": "pytest",
            "version": "8.4.1"
        },
        "summary": {
            "tests": 1,
            "passed": 1,
            "failed": 0,
            "skipped": 0,
            "pending": 0,
            "other": 0,
            "start": 1772850521.5710886,
            "stop": 1772850521.578913
        },
        "tests": [
            {
                "name": "test_outputs.py::test_outputs",
                "status": "passed",
                "duration": 0.0005256109870970249,
                "start": 1772850521.5778806,
                "stop": 1772850521.5786607,
                "retries": 0,
                "file_path": "test_outputs.py"
            }
        ]
    }
}