{
    "results": {
        "tool": {
            "name": "pytest",
            "version": "8.4.1"
        },
        "summary": {
            "tests": 1,
            "passed": 1,
            "failed": 0,
            "skipped": 0,
            "pending": 0,
            "other": 0,
            "start": 1773916089.4037933,
            "stop": 1773916089.4084349
        },
        "tests": [
            {
                "name": "test_outputs.py::test_outputs",
                "status": "passed",
                "duration": 0.0002980460412800312,
                "start": 1773916089.4079075,
                "stop": 1773916089.4083261,
                "retries": 0,
                "file_path": "test_outputs.py"
            }
        ]
    }
}