{
    "results": {
        "tool": {
            "name": "pytest",
            "version": "8.4.1"
        },
        "summary": {
            "tests": 2,
            "passed": 2,
            "failed": 0,
            "skipped": 0,
            "pending": 0,
            "other": 0,
            "start": 1776779192.1598701,
            "stop": 1776779192.1698034
        },
        "tests": [
            {
                "name": "test_final_state.py::test_config_file_exists",
                "status": "passed",
                "duration": 0.0005110999918542802,
                "start": 1776779192.1681397,
                "stop": 1776779192.1688502,
                "retries": 0,
                "file_path": "test_final_state.py"
            },
            {
                "name": "test_final_state.py::test_config_file_content",
                "status": "passed",
                "duration": 0.00048261001938953996,
                "start": 1776779192.1690357,
                "stop": 1776779192.169658,
                "retries": 0,
                "file_path": "test_final_state.py"
            }
        ]
    }
}