{
    "results": {
        "tool": {
            "name": "pytest",
            "version": "8.4.1"
        },
        "summary": {
            "tests": 1,
            "passed": 1,
            "failed": 0,
            "skipped": 0,
            "pending": 0,
            "other": 0,
            "start": 1773302674.7509367,
            "stop": 1773302674.7553158
        },
        "tests": [
            {
                "name": "test_outputs.py::test_outputs",
                "status": "passed",
                "duration": 0.0002795802429318428,
                "start": 1773302674.7548208,
                "stop": 1773302674.7552152,
                "retries": 0,
                "file_path": "test_outputs.py"
            }
        ]
    }
}