{
    "results": {
        "tool": {
            "name": "pytest",
            "version": "8.4.1"
        },
        "summary": {
            "tests": 1,
            "passed": 1,
            "failed": 0,
            "skipped": 0,
            "pending": 0,
            "other": 0,
            "start": 1773908705.906077,
            "stop": 1773908705.9118104
        },
        "tests": [
            {
                "name": "test_outputs.py::test_outputs",
                "status": "passed",
                "duration": 0.00033845193684101105,
                "start": 1773908705.9112103,
                "stop": 1773908705.9116943,
                "retries": 0,
                "file_path": "test_outputs.py"
            }
        ]
    }
}