{
    "results": {
        "tool": {
            "name": "pytest",
            "version": "8.4.1"
        },
        "summary": {
            "tests": 1,
            "passed": 1,
            "failed": 0,
            "skipped": 0,
            "pending": 0,
            "other": 0,
            "start": 1772823459.4282486,
            "stop": 1772823459.4367123
        },
        "tests": [
            {
                "name": "test_outputs.py::test_outputs",
                "status": "passed",
                "duration": 0.0007243530126288533,
                "start": 1772823459.4355018,
                "stop": 1772823459.4364896,
                "retries": 0,
                "file_path": "test_outputs.py"
            }
        ]
    }
}