{
    "results": {
        "tool": {
            "name": "pytest",
            "version": "8.4.1"
        },
        "summary": {
            "tests": 1,
            "passed": 1,
            "failed": 0,
            "skipped": 0,
            "pending": 0,
            "other": 0,
            "start": 1772859255.6565015,
            "stop": 1772859255.6656573
        },
        "tests": [
            {
                "name": "test_outputs.py::test_outputs",
                "status": "passed",
                "duration": 0.0007634530775249004,
                "start": 1772859255.6642597,
                "stop": 1772859255.6653965,
                "retries": 0,
                "file_path": "test_outputs.py"
            }
        ]
    }
}