{
    "results": {
        "tool": {
            "name": "pytest",
            "version": "8.4.1"
        },
        "summary": {
            "tests": 2,
            "passed": 2,
            "failed": 0,
            "skipped": 0,
            "pending": 0,
            "other": 0,
            "start": 1777226265.2126672,
            "stop": 1777226265.2228563
        },
        "tests": [
            {
                "name": "test_final_state.py::test_report_json_exists",
                "status": "passed",
                "duration": 0.00048304314259439707,
                "start": 1777226265.2212179,
                "stop": 1777226265.2219017,
                "retries": 0,
                "file_path": "test_final_state.py"
            },
            {
                "name": "test_final_state.py::test_report_json_content",
                "status": "passed",
                "duration": 0.00048443698324263096,
                "start": 1777226265.222088,
                "stop": 1777226265.222699,
                "retries": 0,
                "file_path": "test_final_state.py"
            }
        ]
    }
}