{
    "results": {
        "tool": {
            "name": "pytest",
            "version": "8.4.1"
        },
        "summary": {
            "tests": 1,
            "passed": 1,
            "failed": 0,
            "skipped": 0,
            "pending": 0,
            "other": 0,
            "start": 1773888732.792087,
            "stop": 1773888732.7974117
        },
        "tests": [
            {
                "name": "test_outputs.py::test_outputs",
                "status": "passed",
                "duration": 0.0003235228359699249,
                "start": 1773888732.796838,
                "stop": 1773888732.7972996,
                "retries": 0,
                "file_path": "test_outputs.py"
            }
        ]
    }
}