{
    "results": {
        "tool": {
            "name": "pytest",
            "version": "8.4.1"
        },
        "summary": {
            "tests": 1,
            "passed": 1,
            "failed": 0,
            "skipped": 0,
            "pending": 0,
            "other": 0,
            "start": 1772829043.4899166,
            "stop": 1772829043.4975533
        },
        "tests": [
            {
                "name": "test_outputs.py::test_outputs",
                "status": "passed",
                "duration": 0.0007943561067804694,
                "start": 1772829043.4962535,
                "stop": 1772829043.4973254,
                "retries": 0,
                "file_path": "test_outputs.py"
            }
        ]
    }
}