{
    "results": {
        "tool": {
            "name": "pytest",
            "version": "8.4.1"
        },
        "summary": {
            "tests": 1,
            "passed": 1,
            "failed": 0,
            "skipped": 0,
            "pending": 0,
            "other": 0,
            "start": 1772853755.0772474,
            "stop": 1772853755.0859673
        },
        "tests": [
            {
                "name": "test_outputs.py::test_outputs",
                "status": "passed",
                "duration": 0.0008809911087155342,
                "start": 1772853755.0845742,
                "stop": 1772853755.0857096,
                "retries": 0,
                "file_path": "test_outputs.py"
            }
        ]
    }
}