{
    "results": {
        "tool": {
            "name": "pytest",
            "version": "8.4.1"
        },
        "summary": {
            "tests": 1,
            "passed": 1,
            "failed": 0,
            "skipped": 0,
            "pending": 0,
            "other": 0,
            "start": 1774554526.8866541,
            "stop": 1774554526.8900795
        },
        "tests": [
            {
                "name": "test_outputs.py::test_outputs",
                "status": "passed",
                "duration": 0.000375043076928705,
                "start": 1774554526.8893466,
                "stop": 1774554526.889899,
                "retries": 0,
                "file_path": "test_outputs.py"
            }
        ]
    }
}