{
    "results": {
        "tool": {
            "name": "pytest",
            "version": "8.4.1"
        },
        "summary": {
            "tests": 1,
            "passed": 1,
            "failed": 0,
            "skipped": 0,
            "pending": 0,
            "other": 0,
            "start": 1774554814.2076604,
            "stop": 1774554814.2109847
        },
        "tests": [
            {
                "name": "test_outputs.py::test_outputs",
                "status": "passed",
                "duration": 0.0004036270547658205,
                "start": 1774554814.2102246,
                "stop": 1774554814.2107973,
                "retries": 0,
                "file_path": "test_outputs.py"
            }
        ]
    }
}