{
    "results": {
        "tool": {
            "name": "pytest",
            "version": "8.4.1"
        },
        "summary": {
            "tests": 1,
            "passed": 1,
            "failed": 0,
            "skipped": 0,
            "pending": 0,
            "other": 0,
            "start": 1773908542.989209,
            "stop": 1773908542.9945176
        },
        "tests": [
            {
                "name": "test_outputs.py::test_outputs",
                "status": "passed",
                "duration": 0.00031372206285595894,
                "start": 1773908542.993955,
                "stop": 1773908542.9944015,
                "retries": 0,
                "file_path": "test_outputs.py"
            }
        ]
    }
}