{
    "results": {
        "tool": {
            "name": "pytest",
            "version": "8.4.1"
        },
        "summary": {
            "tests": 1,
            "passed": 1,
            "failed": 0,
            "skipped": 0,
            "pending": 0,
            "other": 0,
            "start": 1772842562.6571407,
            "stop": 1772842562.6655414
        },
        "tests": [
            {
                "name": "test_outputs.py::test_outputs",
                "status": "passed",
                "duration": 0.0006778639508411288,
                "start": 1772842562.664411,
                "stop": 1772842562.6653228,
                "retries": 0,
                "file_path": "test_outputs.py"
            }
        ]
    }
}