{
    "results": {
        "tool": {
            "name": "pytest",
            "version": "8.4.1"
        },
        "summary": {
            "tests": 1,
            "passed": 1,
            "failed": 0,
            "skipped": 0,
            "pending": 0,
            "other": 0,
            "start": 1773916161.1326873,
            "stop": 1773916161.1381745
        },
        "tests": [
            {
                "name": "test_outputs.py::test_outputs",
                "status": "passed",
                "duration": 0.00034286919981241226,
                "start": 1773916161.1375647,
                "stop": 1773916161.1380515,
                "retries": 0,
                "file_path": "test_outputs.py"
            }
        ]
    }
}