{
    "results": {
        "tool": {
            "name": "pytest",
            "version": "8.4.1"
        },
        "summary": {
            "tests": 1,
            "passed": 1,
            "failed": 0,
            "skipped": 0,
            "pending": 0,
            "other": 0,
            "start": 1772853569.0212297,
            "stop": 1772853569.0295582
        },
        "tests": [
            {
                "name": "test_outputs.py::test_outputs",
                "status": "passed",
                "duration": 0.0007819780148565769,
                "start": 1772853569.028235,
                "stop": 1772853569.029288,
                "retries": 0,
                "file_path": "test_outputs.py"
            }
        ]
    }
}