{
    "results": {
        "tool": {
            "name": "pytest",
            "version": "8.4.1"
        },
        "summary": {
            "tests": 1,
            "passed": 1,
            "failed": 0,
            "skipped": 0,
            "pending": 0,
            "other": 0,
            "start": 1773904968.7518463,
            "stop": 1773904968.7567816
        },
        "tests": [
            {
                "name": "test_outputs.py::test_outputs",
                "status": "passed",
                "duration": 0.00030612305272370577,
                "start": 1773904968.7562428,
                "stop": 1773904968.7566755,
                "retries": 0,
                "file_path": "test_outputs.py"
            }
        ]
    }
}