{
    "results": {
        "tool": {
            "name": "pytest",
            "version": "8.4.1"
        },
        "summary": {
            "tests": 1,
            "passed": 1,
            "failed": 0,
            "skipped": 0,
            "pending": 0,
            "other": 0,
            "start": 1773302768.3495834,
            "stop": 1773302768.3543007
        },
        "tests": [
            {
                "name": "test_outputs.py::test_outputs",
                "status": "passed",
                "duration": 0.0003036548150703311,
                "start": 1773302768.3537617,
                "stop": 1773302768.3541963,
                "retries": 0,
                "file_path": "test_outputs.py"
            }
        ]
    }
}