{
    "results": {
        "tool": {
            "name": "pytest",
            "version": "8.4.1"
        },
        "summary": {
            "tests": 1,
            "passed": 1,
            "failed": 0,
            "skipped": 0,
            "pending": 0,
            "other": 0,
            "start": 1773288470.6569855,
            "stop": 1773288470.6614692
        },
        "tests": [
            {
                "name": "test_outputs.py::test_outputs",
                "status": "passed",
                "duration": 0.0002842899411916733,
                "start": 1773288470.660964,
                "stop": 1773288470.6613677,
                "retries": 0,
                "file_path": "test_outputs.py"
            }
        ]
    }
}