{
    "results": {
        "tool": {
            "name": "pytest",
            "version": "8.4.1"
        },
        "summary": {
            "tests": 1,
            "passed": 1,
            "failed": 0,
            "skipped": 0,
            "pending": 0,
            "other": 0,
            "start": 1772856198.536083,
            "stop": 1772856198.5455875
        },
        "tests": [
            {
                "name": "test_outputs.py::test_outputs",
                "status": "passed",
                "duration": 0.0007607829757034779,
                "start": 1772856198.5442822,
                "stop": 1772856198.545335,
                "retries": 0,
                "file_path": "test_outputs.py"
            }
        ]
    }
}