{
    "results": {
        "tool": {
            "name": "pytest",
            "version": "8.4.1"
        },
        "summary": {
            "tests": 1,
            "passed": 1,
            "failed": 0,
            "skipped": 0,
            "pending": 0,
            "other": 0,
            "start": 1772850753.451616,
            "stop": 1772850753.4592285
        },
        "tests": [
            {
                "name": "test_outputs.py::test_outputs",
                "status": "passed",
                "duration": 0.0007532950257882476,
                "start": 1772850753.4579751,
                "stop": 1772850753.4589975,
                "retries": 0,
                "file_path": "test_outputs.py"
            }
        ]
    }
}