{
    "results": {
        "tool": {
            "name": "pytest",
            "version": "8.4.1"
        },
        "summary": {
            "tests": 2,
            "passed": 2,
            "failed": 0,
            "skipped": 0,
            "pending": 0,
            "other": 0,
            "start": 1776224782.50015,
            "stop": 1776224782.5113587
        },
        "tests": [
            {
                "name": "test_final_state.py::test_diff_file_exists",
                "status": "passed",
                "duration": 0.0004664026200771332,
                "start": 1776224782.5097573,
                "stop": 1776224782.5104256,
                "retries": 0,
                "file_path": "test_final_state.py"
            },
            {
                "name": "test_final_state.py::test_diff_content",
                "status": "passed",
                "duration": 0.00047068484127521515,
                "start": 1776224782.5106134,
                "stop": 1776224782.511212,
                "retries": 0,
                "file_path": "test_final_state.py"
            }
        ]
    }
}