{
    "results": {
        "tool": {
            "name": "pytest",
            "version": "8.4.1"
        },
        "summary": {
            "tests": 1,
            "passed": 1,
            "failed": 0,
            "skipped": 0,
            "pending": 0,
            "other": 0,
            "start": 1773888778.0265758,
            "stop": 1773888778.031346
        },
        "tests": [
            {
                "name": "test_outputs.py::test_outputs",
                "status": "passed",
                "duration": 0.00026682764291763306,
                "start": 1773888778.0308623,
                "stop": 1773888778.0312488,
                "retries": 0,
                "file_path": "test_outputs.py"
            }
        ]
    }
}