{
    "results": {
        "tool": {
            "name": "pytest",
            "version": "8.4.1"
        },
        "summary": {
            "tests": 1,
            "passed": 1,
            "failed": 0,
            "skipped": 0,
            "pending": 0,
            "other": 0,
            "start": 1772852958.356579,
            "stop": 1772852958.3640254
        },
        "tests": [
            {
                "name": "test_outputs.py::test_outputs",
                "status": "passed",
                "duration": 0.0007351000094786286,
                "start": 1772852958.3628266,
                "stop": 1772852958.3638113,
                "retries": 0,
                "file_path": "test_outputs.py"
            }
        ]
    }
}