{
    "results": {
        "tool": {
            "name": "pytest",
            "version": "8.4.1"
        },
        "summary": {
            "tests": 1,
            "passed": 1,
            "failed": 0,
            "skipped": 0,
            "pending": 0,
            "other": 0,
            "start": 1773918824.1661842,
            "stop": 1773918824.208078
        },
        "tests": [
            {
                "name": "test_outputs.py::test_outputs",
                "status": "passed",
                "duration": 0.00038141384720802307,
                "start": 1773918824.2073462,
                "stop": 1773918824.2079415,
                "retries": 0,
                "file_path": "test_outputs.py"
            }
        ]
    }
}