{
    "results": {
        "tool": {
            "name": "pytest",
            "version": "8.4.1"
        },
        "summary": {
            "tests": 1,
            "passed": 1,
            "failed": 0,
            "skipped": 0,
            "pending": 0,
            "other": 0,
            "start": 1772856057.5912983,
            "stop": 1772856057.5990288
        },
        "tests": [
            {
                "name": "test_outputs.py::test_outputs",
                "status": "passed",
                "duration": 0.000674000009894371,
                "start": 1772856057.5978682,
                "stop": 1772856057.5987842,
                "retries": 0,
                "file_path": "test_outputs.py"
            }
        ]
    }
}