{
    "results": {
        "tool": {
            "name": "pytest",
            "version": "8.4.1"
        },
        "summary": {
            "tests": 1,
            "passed": 1,
            "failed": 0,
            "skipped": 0,
            "pending": 0,
            "other": 0,
            "start": 1772858704.0120711,
            "stop": 1772858704.0198586
        },
        "tests": [
            {
                "name": "test_outputs.py::test_outputs",
                "status": "passed",
                "duration": 0.0006890679942443967,
                "start": 1772858704.0186713,
                "stop": 1772858704.0195966,
                "retries": 0,
                "file_path": "test_outputs.py"
            }
        ]
    }
}