{
    "results": {
        "tool": {
            "name": "pytest",
            "version": "8.4.1"
        },
        "summary": {
            "tests": 1,
            "passed": 1,
            "failed": 0,
            "skipped": 0,
            "pending": 0,
            "other": 0,
            "start": 1772844784.656204,
            "stop": 1772844784.7220688
        },
        "tests": [
            {
                "name": "test_outputs.py::test_outputs",
                "status": "passed",
                "duration": 0.0006914420519024134,
                "start": 1772844784.720885,
                "stop": 1772844784.7218509,
                "retries": 0,
                "file_path": "test_outputs.py"
            }
        ]
    }
}