{
    "results": {
        "tool": {
            "name": "pytest",
            "version": "8.4.1"
        },
        "summary": {
            "tests": 1,
            "passed": 1,
            "failed": 0,
            "skipped": 0,
            "pending": 0,
            "other": 0,
            "start": 1772822868.9015968,
            "stop": 1772822868.9623928
        },
        "tests": [
            {
                "name": "test_outputs.py::test_outputs",
                "status": "passed",
                "duration": 0.000697014038451016,
                "start": 1772822868.961179,
                "stop": 1772822868.9621747,
                "retries": 0,
                "file_path": "test_outputs.py"
            }
        ]
    }
}