{
    "results": {
        "tool": {
            "name": "pytest",
            "version": "8.4.1"
        },
        "summary": {
            "tests": 1,
            "passed": 1,
            "failed": 0,
            "skipped": 0,
            "pending": 0,
            "other": 0,
            "start": 1772864449.9843946,
            "stop": 1772864449.9929314
        },
        "tests": [
            {
                "name": "test_outputs.py::test_outputs",
                "status": "passed",
                "duration": 0.0007739349966868758,
                "start": 1772864449.991681,
                "stop": 1772864449.9926996,
                "retries": 0,
                "file_path": "test_outputs.py"
            }
        ]
    }
}