{
    "results": {
        "tool": {
            "name": "pytest",
            "version": "8.4.1"
        },
        "summary": {
            "tests": 1,
            "passed": 1,
            "failed": 0,
            "skipped": 0,
            "pending": 0,
            "other": 0,
            "start": 1773918994.9503586,
            "stop": 1773918994.9549794
        },
        "tests": [
            {
                "name": "test_outputs.py::test_outputs",
                "status": "passed",
                "duration": 0.0002891907934099436,
                "start": 1773918994.9544609,
                "stop": 1773918994.9548738,
                "retries": 0,
                "file_path": "test_outputs.py"
            }
        ]
    }
}