{
    "results": {
        "tool": {
            "name": "pytest",
            "version": "8.4.1"
        },
        "summary": {
            "tests": 1,
            "passed": 1,
            "failed": 0,
            "skipped": 0,
            "pending": 0,
            "other": 0,
            "start": 1772826409.0103238,
            "stop": 1772826409.0189514
        },
        "tests": [
            {
                "name": "test_outputs.py::test_outputs",
                "status": "passed",
                "duration": 0.0005922970594838262,
                "start": 1772826409.0179174,
                "stop": 1772826409.0187588,
                "retries": 0,
                "file_path": "test_outputs.py"
            }
        ]
    }
}