{
    "results": {
        "tool": {
            "name": "pytest",
            "version": "8.4.1"
        },
        "summary": {
            "tests": 1,
            "passed": 1,
            "failed": 0,
            "skipped": 0,
            "pending": 0,
            "other": 0,
            "start": 1774554278.5330536,
            "stop": 1774554278.5364943
        },
        "tests": [
            {
                "name": "test_outputs.py::test_outputs",
                "status": "passed",
                "duration": 0.00039766699774190784,
                "start": 1774554278.53571,
                "stop": 1774554278.536287,
                "retries": 0,
                "file_path": "test_outputs.py"
            }
        ]
    }
}