{
    "results": {
        "tool": {
            "name": "pytest",
            "version": "8.4.1"
        },
        "summary": {
            "tests": 1,
            "passed": 1,
            "failed": 0,
            "skipped": 0,
            "pending": 0,
            "other": 0,
            "start": 1773918926.9373033,
            "stop": 1773918926.9428997
        },
        "tests": [
            {
                "name": "test_outputs.py::test_outputs",
                "status": "passed",
                "duration": 0.00033022183924913406,
                "start": 1773918926.9422925,
                "stop": 1773918926.9427607,
                "retries": 0,
                "file_path": "test_outputs.py"
            }
        ]
    }
}