{
    "results": {
        "tool": {
            "name": "pytest",
            "version": "8.4.1"
        },
        "summary": {
            "tests": 1,
            "passed": 1,
            "failed": 0,
            "skipped": 0,
            "pending": 0,
            "other": 0,
            "start": 1773241771.5840278,
            "stop": 1773241771.625828
        },
        "tests": [
            {
                "name": "test_outputs.py::test_outputs",
                "status": "passed",
                "duration": 0.000294731929898262,
                "start": 1773241771.6252842,
                "stop": 1773241771.6257172,
                "retries": 0,
                "file_path": "test_outputs.py"
            }
        ]
    }
}