{
    "results": {
        "tool": {
            "name": "pytest",
            "version": "8.4.1"
        },
        "summary": {
            "tests": 1,
            "passed": 1,
            "failed": 0,
            "skipped": 0,
            "pending": 0,
            "other": 0,
            "start": 1772845621.3453405,
            "stop": 1772845621.3526068
        },
        "tests": [
            {
                "name": "test_outputs.py::test_outputs",
                "status": "passed",
                "duration": 0.0007930600550025702,
                "start": 1772845621.3513124,
                "stop": 1772845621.35236,
                "retries": 0,
                "file_path": "test_outputs.py"
            }
        ]
    }
}