{
    "results": {
        "tool": {
            "name": "pytest",
            "version": "8.4.1"
        },
        "summary": {
            "tests": 1,
            "passed": 1,
            "failed": 0,
            "skipped": 0,
            "pending": 0,
            "other": 0,
            "start": 1773907513.4399798,
            "stop": 1773907513.4451218
        },
        "tests": [
            {
                "name": "test_outputs.py::test_outputs",
                "status": "passed",
                "duration": 0.0003210115246474743,
                "start": 1773907513.4445136,
                "stop": 1773907513.4449835,
                "retries": 0,
                "file_path": "test_outputs.py"
            }
        ]
    }
}