{
    "results": {
        "tool": {
            "name": "pytest",
            "version": "8.4.1"
        },
        "summary": {
            "tests": 1,
            "passed": 1,
            "failed": 0,
            "skipped": 0,
            "pending": 0,
            "other": 0,
            "start": 1772851860.3722067,
            "stop": 1772851860.3804753
        },
        "tests": [
            {
                "name": "test_outputs.py::test_outputs",
                "status": "passed",
                "duration": 0.0008561910362914205,
                "start": 1772851860.3790874,
                "stop": 1772851860.380205,
                "retries": 0,
                "file_path": "test_outputs.py"
            }
        ]
    }
}