{
    "results": {
        "tool": {
            "name": "pytest",
            "version": "8.4.1"
        },
        "summary": {
            "tests": 1,
            "passed": 1,
            "failed": 0,
            "skipped": 0,
            "pending": 0,
            "other": 0,
            "start": 1772830631.877991,
            "stop": 1772830631.8887432
        },
        "tests": [
            {
                "name": "test_outputs.py::test_outputs",
                "status": "passed",
                "duration": 0.0008331758435815573,
                "start": 1772830631.8872716,
                "stop": 1772830631.8884308,
                "retries": 0,
                "file_path": "test_outputs.py"
            }
        ]
    }
}