{
    "results": {
        "tool": {
            "name": "pytest",
            "version": "8.4.1"
        },
        "summary": {
            "tests": 1,
            "passed": 1,
            "failed": 0,
            "skipped": 0,
            "pending": 0,
            "other": 0,
            "start": 1773905085.8947322,
            "stop": 1773905085.8999004
        },
        "tests": [
            {
                "name": "test_outputs.py::test_outputs",
                "status": "passed",
                "duration": 0.0002946811728179455,
                "start": 1773905085.8993585,
                "stop": 1773905085.8997838,
                "retries": 0,
                "file_path": "test_outputs.py"
            }
        ]
    }
}