{
    "results": {
        "tool": {
            "name": "pytest",
            "version": "8.4.1"
        },
        "summary": {
            "tests": 1,
            "passed": 1,
            "failed": 0,
            "skipped": 0,
            "pending": 0,
            "other": 0,
            "start": 1773911844.885812,
            "stop": 1773911844.9293334
        },
        "tests": [
            {
                "name": "test_outputs.py::test_outputs",
                "status": "passed",
                "duration": 0.00029616313986480236,
                "start": 1773911844.9287875,
                "stop": 1773911844.929222,
                "retries": 0,
                "file_path": "test_outputs.py"
            }
        ]
    }
}