{
    "results": {
        "tool": {
            "name": "pytest",
            "version": "8.4.1"
        },
        "summary": {
            "tests": 1,
            "passed": 1,
            "failed": 0,
            "skipped": 0,
            "pending": 0,
            "other": 0,
            "start": 1773288078.8801851,
            "stop": 1773288078.8851168
        },
        "tests": [
            {
                "name": "test_outputs.py::test_outputs",
                "status": "passed",
                "duration": 0.0002755702007561922,
                "start": 1773288078.8846154,
                "stop": 1773288078.8850172,
                "retries": 0,
                "file_path": "test_outputs.py"
            }
        ]
    }
}