{
    "results": {
        "tool": {
            "name": "pytest",
            "version": "8.4.1"
        },
        "summary": {
            "tests": 1,
            "passed": 1,
            "failed": 0,
            "skipped": 0,
            "pending": 0,
            "other": 0,
            "start": 1773888809.8880732,
            "stop": 1773888809.8931935
        },
        "tests": [
            {
                "name": "test_outputs.py::test_outputs",
                "status": "passed",
                "duration": 0.0002894799690693617,
                "start": 1773888809.8926716,
                "stop": 1773888809.8930871,
                "retries": 0,
                "file_path": "test_outputs.py"
            }
        ]
    }
}