{
    "results": {
        "tool": {
            "name": "pytest",
            "version": "8.4.1"
        },
        "summary": {
            "tests": 1,
            "passed": 1,
            "failed": 0,
            "skipped": 0,
            "pending": 0,
            "other": 0,
            "start": 1773288220.3850741,
            "stop": 1773288220.3902323
        },
        "tests": [
            {
                "name": "test_outputs.py::test_outputs",
                "status": "passed",
                "duration": 0.00031742919236421585,
                "start": 1773288220.3896675,
                "stop": 1773288220.3901155,
                "retries": 0,
                "file_path": "test_outputs.py"
            }
        ]
    }
}