{
    "results": {
        "tool": {
            "name": "pytest",
            "version": "8.4.1"
        },
        "summary": {
            "tests": 1,
            "passed": 1,
            "failed": 0,
            "skipped": 0,
            "pending": 0,
            "other": 0,
            "start": 1772841774.5793297,
            "stop": 1772841774.589266
        },
        "tests": [
            {
                "name": "test_outputs.py::test_outputs",
                "status": "passed",
                "duration": 0.0007467939285561442,
                "start": 1772841774.5878649,
                "stop": 1772841774.5889223,
                "retries": 0,
                "file_path": "test_outputs.py"
            }
        ]
    }
}