{
    "results": {
        "tool": {
            "name": "pytest",
            "version": "8.4.1"
        },
        "summary": {
            "tests": 1,
            "passed": 1,
            "failed": 0,
            "skipped": 0,
            "pending": 0,
            "other": 0,
            "start": 1772850702.5948184,
            "stop": 1772850702.6024086
        },
        "tests": [
            {
                "name": "test_outputs.py::test_outputs",
                "status": "passed",
                "duration": 0.0007821969920769334,
                "start": 1772850702.6011238,
                "stop": 1772850702.6021347,
                "retries": 0,
                "file_path": "test_outputs.py"
            }
        ]
    }
}