{
    "results": {
        "tool": {
            "name": "pytest",
            "version": "8.4.1"
        },
        "summary": {
            "tests": 1,
            "passed": 1,
            "failed": 0,
            "skipped": 0,
            "pending": 0,
            "other": 0,
            "start": 1772839846.8124206,
            "stop": 1772839846.8203166
        },
        "tests": [
            {
                "name": "test_outputs.py::test_outputs",
                "status": "passed",
                "duration": 0.0006681870436295867,
                "start": 1772839846.8191311,
                "stop": 1772839846.8200426,
                "retries": 0,
                "file_path": "test_outputs.py"
            }
        ]
    }
}