{
    "results": {
        "tool": {
            "name": "pytest",
            "version": "8.4.1"
        },
        "summary": {
            "tests": 1,
            "passed": 1,
            "failed": 0,
            "skipped": 0,
            "pending": 0,
            "other": 0,
            "start": 1773915780.0003252,
            "stop": 1773915780.0382907
        },
        "tests": [
            {
                "name": "test_outputs.py::test_outputs",
                "status": "passed",
                "duration": 0.0002766507677733898,
                "start": 1773915780.0377755,
                "stop": 1773915780.0381832,
                "retries": 0,
                "file_path": "test_outputs.py"
            }
        ]
    }
}