{
    "results": {
        "tool": {
            "name": "pytest",
            "version": "8.4.1"
        },
        "summary": {
            "tests": 1,
            "passed": 1,
            "failed": 0,
            "skipped": 0,
            "pending": 0,
            "other": 0,
            "start": 1773908388.3815892,
            "stop": 1773908388.3860643
        },
        "tests": [
            {
                "name": "test_outputs.py::test_outputs",
                "status": "passed",
                "duration": 0.00026884954422712326,
                "start": 1773908388.3855793,
                "stop": 1773908388.3859656,
                "retries": 0,
                "file_path": "test_outputs.py"
            }
        ]
    }
}