{
    "results": {
        "tool": {
            "name": "pytest",
            "version": "8.4.1"
        },
        "summary": {
            "tests": 1,
            "passed": 1,
            "failed": 0,
            "skipped": 0,
            "pending": 0,
            "other": 0,
            "start": 1772832937.7420526,
            "stop": 1772832937.7510984
        },
        "tests": [
            {
                "name": "test_outputs.py::test_outputs",
                "status": "passed",
                "duration": 0.000618324032984674,
                "start": 1772832937.7499905,
                "stop": 1772832937.7508764,
                "retries": 0,
                "file_path": "test_outputs.py"
            }
        ]
    }
}