{
    "results": {
        "tool": {
            "name": "pytest",
            "version": "8.4.1"
        },
        "summary": {
            "tests": 1,
            "passed": 1,
            "failed": 0,
            "skipped": 0,
            "pending": 0,
            "other": 0,
            "start": 1772848366.1668422,
            "stop": 1772848366.1756802
        },
        "tests": [
            {
                "name": "test_outputs.py::test_outputs",
                "status": "passed",
                "duration": 0.0008777880575507879,
                "start": 1772848366.1742847,
                "stop": 1772848366.1754055,
                "retries": 0,
                "file_path": "test_outputs.py"
            }
        ]
    }
}