{
    "results": {
        "tool": {
            "name": "pytest",
            "version": "8.4.1"
        },
        "summary": {
            "tests": 1,
            "passed": 1,
            "failed": 0,
            "skipped": 0,
            "pending": 0,
            "other": 0,
            "start": 1772858114.1516314,
            "stop": 1772858114.2161596
        },
        "tests": [
            {
                "name": "test_outputs.py::test_outputs",
                "status": "passed",
                "duration": 0.0007430260302498937,
                "start": 1772858114.2148933,
                "stop": 1772858114.2158797,
                "retries": 0,
                "file_path": "test_outputs.py"
            }
        ]
    }
}