{
    "results": {
        "tool": {
            "name": "pytest",
            "version": "8.4.1"
        },
        "summary": {
            "tests": 1,
            "passed": 1,
            "failed": 0,
            "skipped": 0,
            "pending": 0,
            "other": 0,
            "start": 1774508840.4976032,
            "stop": 1774508840.5011053
        },
        "tests": [
            {
                "name": "test_outputs.py::test_outputs",
                "status": "passed",
                "duration": 0.0002362509840168059,
                "start": 1774508840.5006044,
                "stop": 1774508840.5009718,
                "retries": 0,
                "file_path": "test_outputs.py"
            }
        ]
    }
}