{
    "results": {
        "tool": {
            "name": "pytest",
            "version": "8.4.1"
        },
        "summary": {
            "tests": 1,
            "passed": 1,
            "failed": 0,
            "skipped": 0,
            "pending": 0,
            "other": 0,
            "start": 1772861434.8564444,
            "stop": 1772861434.8639002
        },
        "tests": [
            {
                "name": "test_outputs.py::test_outputs",
                "status": "passed",
                "duration": 0.0007358221337199211,
                "start": 1772861434.8627074,
                "stop": 1772861434.8636525,
                "retries": 0,
                "file_path": "test_outputs.py"
            }
        ]
    }
}