{
    "results": {
        "tool": {
            "name": "pytest",
            "version": "8.4.1"
        },
        "summary": {
            "tests": 1,
            "passed": 1,
            "failed": 0,
            "skipped": 0,
            "pending": 0,
            "other": 0,
            "start": 1772858816.617121,
            "stop": 1772858816.6248431
        },
        "tests": [
            {
                "name": "test_outputs.py::test_outputs",
                "status": "passed",
                "duration": 0.0006675240583717823,
                "start": 1772858816.6236377,
                "stop": 1772858816.6246119,
                "retries": 0,
                "file_path": "test_outputs.py"
            }
        ]
    }
}