{
    "results": {
        "tool": {
            "name": "pytest",
            "version": "8.4.1"
        },
        "summary": {
            "tests": 1,
            "passed": 1,
            "failed": 0,
            "skipped": 0,
            "pending": 0,
            "other": 0,
            "start": 1773906051.1774235,
            "stop": 1773906051.18182
        },
        "tests": [
            {
                "name": "test_outputs.py::test_outputs",
                "status": "passed",
                "duration": 0.00026514939963817596,
                "start": 1773906051.1813426,
                "stop": 1773906051.1817236,
                "retries": 0,
                "file_path": "test_outputs.py"
            }
        ]
    }
}