{
    "results": {
        "tool": {
            "name": "pytest",
            "version": "8.4.1"
        },
        "summary": {
            "tests": 1,
            "passed": 1,
            "failed": 0,
            "skipped": 0,
            "pending": 0,
            "other": 0,
            "start": 1773908319.3251414,
            "stop": 1773908319.3299499
        },
        "tests": [
            {
                "name": "test_outputs.py::test_outputs",
                "status": "passed",
                "duration": 0.0002616271376609802,
                "start": 1773908319.3294775,
                "stop": 1773908319.3298542,
                "retries": 0,
                "file_path": "test_outputs.py"
            }
        ]
    }
}