{
    "results": {
        "tool": {
            "name": "pytest",
            "version": "8.4.1"
        },
        "summary": {
            "tests": 1,
            "passed": 1,
            "failed": 0,
            "skipped": 0,
            "pending": 0,
            "other": 0,
            "start": 1772855915.2673695,
            "stop": 1772855915.2762985
        },
        "tests": [
            {
                "name": "test_outputs.py::test_outputs",
                "status": "passed",
                "duration": 0.0007245119195431471,
                "start": 1772855915.2750235,
                "stop": 1772855915.2760537,
                "retries": 0,
                "file_path": "test_outputs.py"
            }
        ]
    }
}