{
    "results": {
        "tool": {
            "name": "pytest",
            "version": "8.4.1"
        },
        "summary": {
            "tests": 1,
            "passed": 1,
            "failed": 0,
            "skipped": 0,
            "pending": 0,
            "other": 0,
            "start": 1773888640.795998,
            "stop": 1773888640.8017573
        },
        "tests": [
            {
                "name": "test_outputs.py::test_outputs",
                "status": "passed",
                "duration": 0.00034340284764766693,
                "start": 1773888640.8011482,
                "stop": 1773888640.801639,
                "retries": 0,
                "file_path": "test_outputs.py"
            }
        ]
    }
}