{
    "results": {
        "tool": {
            "name": "pytest",
            "version": "8.4.1"
        },
        "summary": {
            "tests": 1,
            "passed": 1,
            "failed": 0,
            "skipped": 0,
            "pending": 0,
            "other": 0,
            "start": 1772839767.8114955,
            "stop": 1772839767.8196068
        },
        "tests": [
            {
                "name": "test_outputs.py::test_outputs",
                "status": "passed",
                "duration": 0.0007062780205160379,
                "start": 1772839767.8184013,
                "stop": 1772839767.8193502,
                "retries": 0,
                "file_path": "test_outputs.py"
            }
        ]
    }
}