{
    "results": {
        "tool": {
            "name": "pytest",
            "version": "8.4.1"
        },
        "summary": {
            "tests": 1,
            "passed": 1,
            "failed": 0,
            "skipped": 0,
            "pending": 0,
            "other": 0,
            "start": 1772823827.7836263,
            "stop": 1772823827.7923062
        },
        "tests": [
            {
                "name": "test_outputs.py::test_outputs",
                "status": "passed",
                "duration": 0.0006559570319950581,
                "start": 1772823827.7910342,
                "stop": 1772823827.7920125,
                "retries": 0,
                "file_path": "test_outputs.py"
            }
        ]
    }
}