{
    "results": {
        "tool": {
            "name": "pytest",
            "version": "8.4.1"
        },
        "summary": {
            "tests": 1,
            "passed": 1,
            "failed": 0,
            "skipped": 0,
            "pending": 0,
            "other": 0,
            "start": 1772836981.6837828,
            "stop": 1772836981.6913261
        },
        "tests": [
            {
                "name": "test_outputs.py::test_outputs",
                "status": "passed",
                "duration": 0.000678862095810473,
                "start": 1772836981.690116,
                "stop": 1772836981.6911042,
                "retries": 0,
                "file_path": "test_outputs.py"
            }
        ]
    }
}