{
    "results": {
        "tool": {
            "name": "pytest",
            "version": "8.4.1"
        },
        "summary": {
            "tests": 1,
            "passed": 1,
            "failed": 0,
            "skipped": 0,
            "pending": 0,
            "other": 0,
            "start": 1773905025.3555422,
            "stop": 1773905025.361465
        },
        "tests": [
            {
                "name": "test_outputs.py::test_outputs",
                "status": "passed",
                "duration": 0.0003802310675382614,
                "start": 1773905025.3607805,
                "stop": 1773905025.3613272,
                "retries": 0,
                "file_path": "test_outputs.py"
            }
        ]
    }
}