{
    "results": {
        "tool": {
            "name": "pytest",
            "version": "8.4.1"
        },
        "summary": {
            "tests": 1,
            "passed": 1,
            "failed": 0,
            "skipped": 0,
            "pending": 0,
            "other": 0,
            "start": 1773288727.6940284,
            "stop": 1773288727.6986654
        },
        "tests": [
            {
                "name": "test_outputs.py::test_outputs",
                "status": "passed",
                "duration": 0.00029686023481190205,
                "start": 1773288727.6981378,
                "stop": 1773288727.6985595,
                "retries": 0,
                "file_path": "test_outputs.py"
            }
        ]
    }
}