{
    "results": {
        "tool": {
            "name": "pytest",
            "version": "8.4.1"
        },
        "summary": {
            "tests": 1,
            "passed": 1,
            "failed": 0,
            "skipped": 0,
            "pending": 0,
            "other": 0,
            "start": 1772824714.5832348,
            "stop": 1772824714.5924208
        },
        "tests": [
            {
                "name": "test_outputs.py::test_outputs",
                "status": "passed",
                "duration": 0.0007930970750749111,
                "start": 1772824714.591053,
                "stop": 1772824714.5921593,
                "retries": 0,
                "file_path": "test_outputs.py"
            }
        ]
    }
}