{
    "results": {
        "tool": {
            "name": "pytest",
            "version": "8.4.1"
        },
        "summary": {
            "tests": 1,
            "passed": 1,
            "failed": 0,
            "skipped": 0,
            "pending": 0,
            "other": 0,
            "start": 1772831800.0510144,
            "stop": 1772831800.0584972
        },
        "tests": [
            {
                "name": "test_outputs.py::test_outputs",
                "status": "passed",
                "duration": 0.0007741410518065095,
                "start": 1772831800.0572772,
                "stop": 1772831800.0583072,
                "retries": 0,
                "file_path": "test_outputs.py"
            }
        ]
    }
}