{
    "results": {
        "tool": {
            "name": "pytest",
            "version": "8.4.1"
        },
        "summary": {
            "tests": 1,
            "passed": 1,
            "failed": 0,
            "skipped": 0,
            "pending": 0,
            "other": 0,
            "start": 1774554691.4536362,
            "stop": 1774554691.457038
        },
        "tests": [
            {
                "name": "test_outputs.py::test_outputs",
                "status": "passed",
                "duration": 0.0002703340142033994,
                "start": 1774554691.4564903,
                "stop": 1774554691.4568958,
                "retries": 0,
                "file_path": "test_outputs.py"
            }
        ]
    }
}