{
    "results": {
        "tool": {
            "name": "pytest",
            "version": "8.4.1"
        },
        "summary": {
            "tests": 1,
            "passed": 1,
            "failed": 0,
            "skipped": 0,
            "pending": 0,
            "other": 0,
            "start": 1772837357.8652813,
            "stop": 1772837357.8747888
        },
        "tests": [
            {
                "name": "test_outputs.py::test_outputs",
                "status": "passed",
                "duration": 0.0008165950421243906,
                "start": 1772837357.8734531,
                "stop": 1772837357.8745365,
                "retries": 0,
                "file_path": "test_outputs.py"
            }
        ]
    }
}