{
    "results": {
        "tool": {
            "name": "pytest",
            "version": "8.4.1"
        },
        "summary": {
            "tests": 1,
            "passed": 1,
            "failed": 0,
            "skipped": 0,
            "pending": 0,
            "other": 0,
            "start": 1773916418.5676682,
            "stop": 1773916418.5720544
        },
        "tests": [
            {
                "name": "test_outputs.py::test_outputs",
                "status": "passed",
                "duration": 0.0002653393894433975,
                "start": 1773916418.5715756,
                "stop": 1773916418.5719562,
                "retries": 0,
                "file_path": "test_outputs.py"
            }
        ]
    }
}