{
    "results": {
        "tool": {
            "name": "pytest",
            "version": "8.4.1"
        },
        "summary": {
            "tests": 1,
            "passed": 1,
            "failed": 0,
            "skipped": 0,
            "pending": 0,
            "other": 0,
            "start": 1772848107.9298942,
            "stop": 1772848107.939442
        },
        "tests": [
            {
                "name": "test_outputs.py::test_outputs",
                "status": "passed",
                "duration": 0.0010960468789562583,
                "start": 1772848107.9378402,
                "stop": 1772848107.9392245,
                "retries": 0,
                "file_path": "test_outputs.py"
            }
        ]
    }
}