{
    "results": {
        "tool": {
            "name": "pytest",
            "version": "8.4.1"
        },
        "summary": {
            "tests": 1,
            "passed": 1,
            "failed": 0,
            "skipped": 0,
            "pending": 0,
            "other": 0,
            "start": 1774553729.7084737,
            "stop": 1774553729.715156
        },
        "tests": [
            {
                "name": "test_outputs.py::test_outputs",
                "status": "passed",
                "duration": 0.0004266180330887437,
                "start": 1774553729.7143877,
                "stop": 1774553729.7149963,
                "retries": 0,
                "file_path": "test_outputs.py"
            }
        ]
    }
}