{
    "results": {
        "tool": {
            "name": "pytest",
            "version": "8.4.1"
        },
        "summary": {
            "tests": 1,
            "passed": 1,
            "failed": 0,
            "skipped": 0,
            "pending": 0,
            "other": 0,
            "start": 1773302700.0270047,
            "stop": 1773302700.0321536
        },
        "tests": [
            {
                "name": "test_outputs.py::test_outputs",
                "status": "passed",
                "duration": 0.00030358508229255676,
                "start": 1773302700.0316064,
                "stop": 1773302700.0320432,
                "retries": 0,
                "file_path": "test_outputs.py"
            }
        ]
    }
}