{
    "results": {
        "tool": {
            "name": "pytest",
            "version": "8.4.1"
        },
        "summary": {
            "tests": 1,
            "passed": 1,
            "failed": 0,
            "skipped": 0,
            "pending": 0,
            "other": 0,
            "start": 1772855001.9006503,
            "stop": 1772855001.9119782
        },
        "tests": [
            {
                "name": "test_outputs.py::test_outputs",
                "status": "passed",
                "duration": 0.0008811210282146931,
                "start": 1772855001.9103005,
                "stop": 1772855001.911594,
                "retries": 0,
                "file_path": "test_outputs.py"
            }
        ]
    }
}