{
    "results": {
        "tool": {
            "name": "pytest",
            "version": "8.4.1"
        },
        "summary": {
            "tests": 1,
            "passed": 1,
            "failed": 0,
            "skipped": 0,
            "pending": 0,
            "other": 0,
            "start": 1772834080.150052,
            "stop": 1772834080.157432
        },
        "tests": [
            {
                "name": "test_outputs.py::test_outputs",
                "status": "passed",
                "duration": 0.0007673820946365595,
                "start": 1772834080.1561406,
                "stop": 1772834080.1571639,
                "retries": 0,
                "file_path": "test_outputs.py"
            }
        ]
    }
}