{
    "results": {
        "tool": {
            "name": "pytest",
            "version": "8.4.1"
        },
        "summary": {
            "tests": 1,
            "passed": 1,
            "failed": 0,
            "skipped": 0,
            "pending": 0,
            "other": 0,
            "start": 1773918927.5886874,
            "stop": 1773918927.5940073
        },
        "tests": [
            {
                "name": "test_outputs.py::test_outputs",
                "status": "passed",
                "duration": 0.00030674878507852554,
                "start": 1773918927.5934403,
                "stop": 1773918927.593893,
                "retries": 0,
                "file_path": "test_outputs.py"
            }
        ]
    }
}