{
    "results": {
        "tool": {
            "name": "pytest",
            "version": "8.4.1"
        },
        "summary": {
            "tests": 1,
            "passed": 1,
            "failed": 0,
            "skipped": 0,
            "pending": 0,
            "other": 0,
            "start": 1773911581.2077725,
            "stop": 1773911581.2124076
        },
        "tests": [
            {
                "name": "test_outputs.py::test_outputs",
                "status": "passed",
                "duration": 0.00028558005578815937,
                "start": 1773911581.211885,
                "stop": 1773911581.2122948,
                "retries": 0,
                "file_path": "test_outputs.py"
            }
        ]
    }
}