{
    "results": {
        "tool": {
            "name": "pytest",
            "version": "8.4.1"
        },
        "summary": {
            "tests": 1,
            "passed": 1,
            "failed": 0,
            "skipped": 0,
            "pending": 0,
            "other": 0,
            "start": 1773911273.2527719,
            "stop": 1773911273.257499
        },
        "tests": [
            {
                "name": "test_outputs.py::test_outputs",
                "status": "passed",
                "duration": 0.00031025800853967667,
                "start": 1773911273.2569473,
                "stop": 1773911273.2573895,
                "retries": 0,
                "file_path": "test_outputs.py"
            }
        ]
    }
}