{
    "results": {
        "tool": {
            "name": "pytest",
            "version": "8.4.1"
        },
        "summary": {
            "tests": 1,
            "passed": 1,
            "failed": 0,
            "skipped": 0,
            "pending": 0,
            "other": 0,
            "start": 1773302378.4949884,
            "stop": 1773302378.4995925
        },
        "tests": [
            {
                "name": "test_outputs.py::test_outputs",
                "status": "passed",
                "duration": 0.00028386712074279785,
                "start": 1773302378.4990764,
                "stop": 1773302378.4994922,
                "retries": 0,
                "file_path": "test_outputs.py"
            }
        ]
    }
}