{
    "results": {
        "tool": {
            "name": "pytest",
            "version": "8.4.1"
        },
        "summary": {
            "tests": 1,
            "passed": 1,
            "failed": 0,
            "skipped": 0,
            "pending": 0,
            "other": 0,
            "start": 1772829205.464779,
            "stop": 1772829205.4748855
        },
        "tests": [
            {
                "name": "test_outputs.py::test_outputs",
                "status": "passed",
                "duration": 0.0007304850732907653,
                "start": 1772829205.4735632,
                "stop": 1772829205.4746125,
                "retries": 0,
                "file_path": "test_outputs.py"
            }
        ]
    }
}