{
    "results": {
        "tool": {
            "name": "pytest",
            "version": "8.4.1"
        },
        "summary": {
            "tests": 1,
            "passed": 1,
            "failed": 0,
            "skipped": 0,
            "pending": 0,
            "other": 0,
            "start": 1774507488.3959918,
            "stop": 1774507488.3994389
        },
        "tests": [
            {
                "name": "test_outputs.py::test_outputs",
                "status": "passed",
                "duration": 0.0002660800237208605,
                "start": 1774507488.3989058,
                "stop": 1774507488.3993084,
                "retries": 0,
                "file_path": "test_outputs.py"
            }
        ]
    }
}