{
    "results": {
        "tool": {
            "name": "pytest",
            "version": "8.4.1"
        },
        "summary": {
            "tests": 1,
            "passed": 1,
            "failed": 0,
            "skipped": 0,
            "pending": 0,
            "other": 0,
            "start": 1772848066.5832372,
            "stop": 1772848066.5906081
        },
        "tests": [
            {
                "name": "test_outputs.py::test_outputs",
                "status": "passed",
                "duration": 0.0007891090353950858,
                "start": 1772848066.5893166,
                "stop": 1772848066.5903566,
                "retries": 0,
                "file_path": "test_outputs.py"
            }
        ]
    }
}