{
    "results": {
        "tool": {
            "name": "pytest",
            "version": "8.4.1"
        },
        "summary": {
            "tests": 1,
            "passed": 1,
            "failed": 0,
            "skipped": 0,
            "pending": 0,
            "other": 0,
            "start": 1772850746.9863195,
            "stop": 1772850746.9951408
        },
        "tests": [
            {
                "name": "test_outputs.py::test_outputs",
                "status": "passed",
                "duration": 0.0006252239691093564,
                "start": 1772850746.9939773,
                "stop": 1772850746.994882,
                "retries": 0,
                "file_path": "test_outputs.py"
            }
        ]
    }
}