{
    "results": {
        "tool": {
            "name": "pytest",
            "version": "8.4.1"
        },
        "summary": {
            "tests": 1,
            "passed": 1,
            "failed": 0,
            "skipped": 0,
            "pending": 0,
            "other": 0,
            "start": 1772861687.9946525,
            "stop": 1772861688.0037665
        },
        "tests": [
            {
                "name": "test_outputs.py::test_outputs",
                "status": "passed",
                "duration": 0.0007474860176444054,
                "start": 1772861688.0025554,
                "stop": 1772861688.0035458,
                "retries": 0,
                "file_path": "test_outputs.py"
            }
        ]
    }
}