{
    "results": {
        "tool": {
            "name": "pytest",
            "version": "8.4.1"
        },
        "summary": {
            "tests": 1,
            "passed": 1,
            "failed": 0,
            "skipped": 0,
            "pending": 0,
            "other": 0,
            "start": 1772864309.1837442,
            "stop": 1772864309.1913154
        },
        "tests": [
            {
                "name": "test_outputs.py::test_outputs",
                "status": "passed",
                "duration": 0.0007714310195297003,
                "start": 1772864309.1900485,
                "stop": 1772864309.1910455,
                "retries": 0,
                "file_path": "test_outputs.py"
            }
        ]
    }
}