{
    "results": {
        "tool": {
            "name": "pytest",
            "version": "8.4.1"
        },
        "summary": {
            "tests": 1,
            "passed": 1,
            "failed": 0,
            "skipped": 0,
            "pending": 0,
            "other": 0,
            "start": 1773906593.2835357,
            "stop": 1773906593.288241
        },
        "tests": [
            {
                "name": "test_outputs.py::test_outputs",
                "status": "passed",
                "duration": 0.00028476002626121044,
                "start": 1773906593.2877238,
                "stop": 1773906593.2881346,
                "retries": 0,
                "file_path": "test_outputs.py"
            }
        ]
    }
}