{
    "results": {
        "tool": {
            "name": "pytest",
            "version": "8.4.1"
        },
        "summary": {
            "tests": 1,
            "passed": 1,
            "failed": 0,
            "skipped": 0,
            "pending": 0,
            "other": 0,
            "start": 1773906283.0104961,
            "stop": 1773906283.015118
        },
        "tests": [
            {
                "name": "test_outputs.py::test_outputs",
                "status": "passed",
                "duration": 0.00029610900674015284,
                "start": 1773906283.0145898,
                "stop": 1773906283.0150104,
                "retries": 0,
                "file_path": "test_outputs.py"
            }
        ]
    }
}