{
    "results": {
        "tool": {
            "name": "pytest",
            "version": "8.4.1"
        },
        "summary": {
            "tests": 1,
            "passed": 1,
            "failed": 0,
            "skipped": 0,
            "pending": 0,
            "other": 0,
            "start": 1773912096.4485905,
            "stop": 1773912096.4529746
        },
        "tests": [
            {
                "name": "test_outputs.py::test_outputs",
                "status": "passed",
                "duration": 0.00026506930589675903,
                "start": 1773912096.4524925,
                "stop": 1773912096.4528754,
                "retries": 0,
                "file_path": "test_outputs.py"
            }
        ]
    }
}