{
    "results": {
        "tool": {
            "name": "pytest",
            "version": "8.4.1"
        },
        "summary": {
            "tests": 1,
            "passed": 1,
            "failed": 0,
            "skipped": 0,
            "pending": 0,
            "other": 0,
            "start": 1773911270.3041377,
            "stop": 1773911270.3084595
        },
        "tests": [
            {
                "name": "test_outputs.py::test_outputs",
                "status": "passed",
                "duration": 0.0002733096480369568,
                "start": 1773911270.3079715,
                "stop": 1773911270.3083622,
                "retries": 0,
                "file_path": "test_outputs.py"
            }
        ]
    }
}