{
    "results": {
        "tool": {
            "name": "pytest",
            "version": "8.4.1"
        },
        "summary": {
            "tests": 1,
            "passed": 1,
            "failed": 0,
            "skipped": 0,
            "pending": 0,
            "other": 0,
            "start": 1773288521.1523123,
            "stop": 1773288521.1568122
        },
        "tests": [
            {
                "name": "test_outputs.py::test_outputs",
                "status": "passed",
                "duration": 0.0002724975347518921,
                "start": 1773288521.1563294,
                "stop": 1773288521.156717,
                "retries": 0,
                "file_path": "test_outputs.py"
            }
        ]
    }
}