{
    "results": {
        "tool": {
            "name": "pytest",
            "version": "8.4.1"
        },
        "summary": {
            "tests": 1,
            "passed": 1,
            "failed": 0,
            "skipped": 0,
            "pending": 0,
            "other": 0,
            "start": 1773908428.2489367,
            "stop": 1773908428.2536037
        },
        "tests": [
            {
                "name": "test_outputs.py::test_outputs",
                "status": "passed",
                "duration": 0.00027406029403209686,
                "start": 1773908428.2530854,
                "stop": 1773908428.2535026,
                "retries": 0,
                "file_path": "test_outputs.py"
            }
        ]
    }
}