{
    "results": {
        "tool": {
            "name": "pytest",
            "version": "8.4.1"
        },
        "summary": {
            "tests": 1,
            "passed": 1,
            "failed": 0,
            "skipped": 0,
            "pending": 0,
            "other": 0,
            "start": 1774554689.6768453,
            "stop": 1774554689.6818955
        },
        "tests": [
            {
                "name": "test_outputs.py::test_outputs",
                "status": "passed",
                "duration": 0.00026279204757884145,
                "start": 1774554689.681377,
                "stop": 1774554689.6817715,
                "retries": 0,
                "file_path": "test_outputs.py"
            }
        ]
    }
}