{
    "results": {
        "tool": {
            "name": "pytest",
            "version": "8.4.1"
        },
        "summary": {
            "tests": 1,
            "passed": 1,
            "failed": 0,
            "skipped": 0,
            "pending": 0,
            "other": 0,
            "start": 1772837194.1790216,
            "stop": 1772837194.1870565
        },
        "tests": [
            {
                "name": "test_outputs.py::test_outputs",
                "status": "passed",
                "duration": 0.0006711890455335379,
                "start": 1772837194.1859186,
                "stop": 1772837194.1868238,
                "retries": 0,
                "file_path": "test_outputs.py"
            }
        ]
    }
}