{
    "results": {
        "tool": {
            "name": "pytest",
            "version": "8.4.1"
        },
        "summary": {
            "tests": 1,
            "passed": 1,
            "failed": 0,
            "skipped": 0,
            "pending": 0,
            "other": 0,
            "start": 1772842749.531947,
            "stop": 1772842749.5396047
        },
        "tests": [
            {
                "name": "test_outputs.py::test_outputs",
                "status": "passed",
                "duration": 0.0006591149140149355,
                "start": 1772842749.5384407,
                "stop": 1772842749.5393643,
                "retries": 0,
                "file_path": "test_outputs.py"
            }
        ]
    }
}