{
    "results": {
        "tool": {
            "name": "pytest",
            "version": "8.4.1"
        },
        "summary": {
            "tests": 1,
            "passed": 1,
            "failed": 0,
            "skipped": 0,
            "pending": 0,
            "other": 0,
            "start": 1774508592.4009016,
            "stop": 1774508592.404576
        },
        "tests": [
            {
                "name": "test_outputs.py::test_outputs",
                "status": "passed",
                "duration": 0.00035404606023803353,
                "start": 1774508592.4038932,
                "stop": 1774508592.4044063,
                "retries": 0,
                "file_path": "test_outputs.py"
            }
        ]
    }
}