{
    "results": {
        "tool": {
            "name": "pytest",
            "version": "8.4.1"
        },
        "summary": {
            "tests": 1,
            "passed": 1,
            "failed": 0,
            "skipped": 0,
            "pending": 0,
            "other": 0,
            "start": 1772836437.4041536,
            "stop": 1772836437.4762335
        },
        "tests": [
            {
                "name": "test_outputs.py::test_outputs",
                "status": "passed",
                "duration": 0.0004961038939654827,
                "start": 1772836437.475327,
                "stop": 1772836437.4760537,
                "retries": 0,
                "file_path": "test_outputs.py"
            }
        ]
    }
}