{
    "results": {
        "tool": {
            "name": "pytest",
            "version": "8.4.1"
        },
        "summary": {
            "tests": 1,
            "passed": 1,
            "failed": 0,
            "skipped": 0,
            "pending": 0,
            "other": 0,
            "start": 1772844378.1201303,
            "stop": 1772844378.1285796
        },
        "tests": [
            {
                "name": "test_outputs.py::test_outputs",
                "status": "passed",
                "duration": 0.0008317630272358656,
                "start": 1772844378.1272068,
                "stop": 1772844378.1283064,
                "retries": 0,
                "file_path": "test_outputs.py"
            }
        ]
    }
}