{
    "results": {
        "tool": {
            "name": "pytest",
            "version": "8.4.1"
        },
        "summary": {
            "tests": 1,
            "passed": 1,
            "failed": 0,
            "skipped": 0,
            "pending": 0,
            "other": 0,
            "start": 1773912390.0686445,
            "stop": 1773912390.0733254
        },
        "tests": [
            {
                "name": "test_outputs.py::test_outputs",
                "status": "passed",
                "duration": 0.0002818601205945015,
                "start": 1773912390.0728106,
                "stop": 1773912390.0732198,
                "retries": 0,
                "file_path": "test_outputs.py"
            }
        ]
    }
}