{
    "results": {
        "tool": {
            "name": "pytest",
            "version": "8.4.1"
        },
        "summary": {
            "tests": 1,
            "passed": 1,
            "failed": 0,
            "skipped": 0,
            "pending": 0,
            "other": 0,
            "start": 1772849584.9359446,
            "stop": 1772849584.9470441
        },
        "tests": [
            {
                "name": "test_outputs.py::test_outputs",
                "status": "passed",
                "duration": 0.0007588089210912585,
                "start": 1772849584.945555,
                "stop": 1772849584.9466848,
                "retries": 0,
                "file_path": "test_outputs.py"
            }
        ]
    }
}