{
    "results": {
        "tool": {
            "name": "pytest",
            "version": "8.4.1"
        },
        "summary": {
            "tests": 1,
            "passed": 1,
            "failed": 0,
            "skipped": 0,
            "pending": 0,
            "other": 0,
            "start": 1773916349.4095337,
            "stop": 1773916349.4140441
        },
        "tests": [
            {
                "name": "test_outputs.py::test_outputs",
                "status": "passed",
                "duration": 0.00027195364236831665,
                "start": 1773916349.4135604,
                "stop": 1773916349.413948,
                "retries": 0,
                "file_path": "test_outputs.py"
            }
        ]
    }
}