{
    "results": {
        "tool": {
            "name": "pytest",
            "version": "8.4.1"
        },
        "summary": {
            "tests": 1,
            "passed": 1,
            "failed": 0,
            "skipped": 0,
            "pending": 0,
            "other": 0,
            "start": 1773241828.771789,
            "stop": 1773241828.7801728
        },
        "tests": [
            {
                "name": "test_outputs.py::test_outputs",
                "status": "passed",
                "duration": 0.0002864100970327854,
                "start": 1773241828.7796574,
                "stop": 1773241828.780071,
                "retries": 0,
                "file_path": "test_outputs.py"
            }
        ]
    }
}