{
    "results": {
        "tool": {
            "name": "pytest",
            "version": "8.4.1"
        },
        "summary": {
            "tests": 1,
            "passed": 1,
            "failed": 0,
            "skipped": 0,
            "pending": 0,
            "other": 0,
            "start": 1773302940.7248638,
            "stop": 1773302940.729527
        },
        "tests": [
            {
                "name": "test_outputs.py::test_outputs",
                "status": "passed",
                "duration": 0.0002914401702582836,
                "start": 1773302940.7290099,
                "stop": 1773302940.7294211,
                "retries": 0,
                "file_path": "test_outputs.py"
            }
        ]
    }
}