{
    "results": {
        "tool": {
            "name": "pytest",
            "version": "8.4.1"
        },
        "summary": {
            "tests": 1,
            "passed": 1,
            "failed": 0,
            "skipped": 0,
            "pending": 0,
            "other": 0,
            "start": 1773908732.1810942,
            "stop": 1773908732.185793
        },
        "tests": [
            {
                "name": "test_outputs.py::test_outputs",
                "status": "passed",
                "duration": 0.0002941107377409935,
                "start": 1773908732.1852658,
                "stop": 1773908732.1856873,
                "retries": 0,
                "file_path": "test_outputs.py"
            }
        ]
    }
}