{
    "results": {
        "tool": {
            "name": "pytest",
            "version": "8.4.1"
        },
        "summary": {
            "tests": 1,
            "passed": 1,
            "failed": 0,
            "skipped": 0,
            "pending": 0,
            "other": 0,
            "start": 1772831325.119908,
            "stop": 1772831325.1287644
        },
        "tests": [
            {
                "name": "test_outputs.py::test_outputs",
                "status": "passed",
                "duration": 0.0006693709874525666,
                "start": 1772831325.1275172,
                "stop": 1772831325.128521,
                "retries": 0,
                "file_path": "test_outputs.py"
            }
        ]
    }
}