{
    "results": {
        "tool": {
            "name": "pytest",
            "version": "8.4.1"
        },
        "summary": {
            "tests": 1,
            "passed": 1,
            "failed": 0,
            "skipped": 0,
            "pending": 0,
            "other": 0,
            "start": 1772863618.0610368,
            "stop": 1772863618.1234322
        },
        "tests": [
            {
                "name": "test_outputs.py::test_outputs",
                "status": "passed",
                "duration": 0.000790465041063726,
                "start": 1772863618.1220543,
                "stop": 1772863618.1231263,
                "retries": 0,
                "file_path": "test_outputs.py"
            }
        ]
    }
}