{
    "results": {
        "tool": {
            "name": "pytest",
            "version": "8.4.1"
        },
        "summary": {
            "tests": 1,
            "passed": 1,
            "failed": 0,
            "skipped": 0,
            "pending": 0,
            "other": 0,
            "start": 1774507389.0055892,
            "stop": 1774507389.0093362
        },
        "tests": [
            {
                "name": "test_outputs.py::test_outputs",
                "status": "passed",
                "duration": 0.0003246620181016624,
                "start": 1774507389.008696,
                "stop": 1774507389.0091767,
                "retries": 0,
                "file_path": "test_outputs.py"
            }
        ]
    }
}