{
    "results": {
        "tool": {
            "name": "pytest",
            "version": "8.4.1"
        },
        "summary": {
            "tests": 1,
            "passed": 1,
            "failed": 0,
            "skipped": 0,
            "pending": 0,
            "other": 0,
            "start": 1772833373.2008657,
            "stop": 1772833373.209096
        },
        "tests": [
            {
                "name": "test_outputs.py::test_outputs",
                "status": "passed",
                "duration": 0.0007944669341668487,
                "start": 1772833373.2078311,
                "stop": 1772833373.2088683,
                "retries": 0,
                "file_path": "test_outputs.py"
            }
        ]
    }
}