{
    "results": {
        "tool": {
            "name": "pytest",
            "version": "8.4.1"
        },
        "summary": {
            "tests": 1,
            "passed": 1,
            "failed": 0,
            "skipped": 0,
            "pending": 0,
            "other": 0,
            "start": 1772823375.3707566,
            "stop": 1772823375.378548
        },
        "tests": [
            {
                "name": "test_outputs.py::test_outputs",
                "status": "passed",
                "duration": 0.0007317288545891643,
                "start": 1772823375.3773406,
                "stop": 1772823375.3783238,
                "retries": 0,
                "file_path": "test_outputs.py"
            }
        ]
    }
}