{
    "results": {
        "tool": {
            "name": "pytest",
            "version": "8.4.1"
        },
        "summary": {
            "tests": 1,
            "passed": 1,
            "failed": 0,
            "skipped": 0,
            "pending": 0,
            "other": 0,
            "start": 1772859914.9595509,
            "stop": 1772859914.9695425
        },
        "tests": [
            {
                "name": "test_outputs.py::test_outputs",
                "status": "passed",
                "duration": 0.0007040950004011393,
                "start": 1772859914.9683456,
                "stop": 1772859914.9693148,
                "retries": 0,
                "file_path": "test_outputs.py"
            }
        ]
    }
}