{
    "results": {
        "tool": {
            "name": "pytest",
            "version": "8.4.1"
        },
        "summary": {
            "tests": 1,
            "passed": 1,
            "failed": 0,
            "skipped": 0,
            "pending": 0,
            "other": 0,
            "start": 1772829098.1817458,
            "stop": 1772829098.1890018
        },
        "tests": [
            {
                "name": "test_outputs.py::test_outputs",
                "status": "passed",
                "duration": 0.0008450070163235068,
                "start": 1772829098.187713,
                "stop": 1772829098.1887949,
                "retries": 0,
                "file_path": "test_outputs.py"
            }
        ]
    }
}