{
    "results": {
        "tool": {
            "name": "pytest",
            "version": "8.4.1"
        },
        "summary": {
            "tests": 1,
            "passed": 1,
            "failed": 0,
            "skipped": 0,
            "pending": 0,
            "other": 0,
            "start": 1772836753.409321,
            "stop": 1772836753.4166064
        },
        "tests": [
            {
                "name": "test_outputs.py::test_outputs",
                "status": "passed",
                "duration": 0.0008517249953001738,
                "start": 1772836753.4152832,
                "stop": 1772836753.4163837,
                "retries": 0,
                "file_path": "test_outputs.py"
            }
        ]
    }
}