{
    "results": {
        "tool": {
            "name": "pytest",
            "version": "8.4.1"
        },
        "summary": {
            "tests": 1,
            "passed": 1,
            "failed": 0,
            "skipped": 0,
            "pending": 0,
            "other": 0,
            "start": 1772831795.1034865,
            "stop": 1772831795.1132712
        },
        "tests": [
            {
                "name": "test_outputs.py::test_outputs",
                "status": "passed",
                "duration": 0.0006712080212309957,
                "start": 1772831795.112023,
                "stop": 1772831795.1130629,
                "retries": 0,
                "file_path": "test_outputs.py"
            }
        ]
    }
}