{
    "results": {
        "tool": {
            "name": "pytest",
            "version": "8.4.1"
        },
        "summary": {
            "tests": 1,
            "passed": 1,
            "failed": 0,
            "skipped": 0,
            "pending": 0,
            "other": 0,
            "start": 1773302810.3461514,
            "stop": 1773302810.3506272
        },
        "tests": [
            {
                "name": "test_outputs.py::test_outputs",
                "status": "passed",
                "duration": 0.00026459619402885437,
                "start": 1773302810.350145,
                "stop": 1773302810.3505323,
                "retries": 0,
                "file_path": "test_outputs.py"
            }
        ]
    }
}