{
    "results": {
        "tool": {
            "name": "pytest",
            "version": "8.4.1"
        },
        "summary": {
            "tests": 1,
            "passed": 1,
            "failed": 0,
            "skipped": 0,
            "pending": 0,
            "other": 0,
            "start": 1773916408.3284616,
            "stop": 1773916408.332786
        },
        "tests": [
            {
                "name": "test_outputs.py::test_outputs",
                "status": "passed",
                "duration": 0.00027260929346084595,
                "start": 1773916408.3322997,
                "stop": 1773916408.332689,
                "retries": 0,
                "file_path": "test_outputs.py"
            }
        ]
    }
}