{
    "results": {
        "tool": {
            "name": "pytest",
            "version": "8.4.1"
        },
        "summary": {
            "tests": 1,
            "passed": 1,
            "failed": 0,
            "skipped": 0,
            "pending": 0,
            "other": 0,
            "start": 1772851129.3504522,
            "stop": 1772851129.3589308
        },
        "tests": [
            {
                "name": "test_outputs.py::test_outputs",
                "status": "passed",
                "duration": 0.0008897330844774842,
                "start": 1772851129.3575184,
                "stop": 1772851129.3586564,
                "retries": 0,
                "file_path": "test_outputs.py"
            }
        ]
    }
}