{
    "results": {
        "tool": {
            "name": "pytest",
            "version": "8.4.1"
        },
        "summary": {
            "tests": 1,
            "passed": 1,
            "failed": 0,
            "skipped": 0,
            "pending": 0,
            "other": 0,
            "start": 1773911330.6248825,
            "stop": 1773911330.6304247
        },
        "tests": [
            {
                "name": "test_outputs.py::test_outputs",
                "status": "passed",
                "duration": 0.0003420412540435791,
                "start": 1773911330.6298096,
                "stop": 1773911330.6302927,
                "retries": 0,
                "file_path": "test_outputs.py"
            }
        ]
    }
}