{
    "results": {
        "tool": {
            "name": "pytest",
            "version": "8.4.1"
        },
        "summary": {
            "tests": 1,
            "passed": 1,
            "failed": 0,
            "skipped": 0,
            "pending": 0,
            "other": 0,
            "start": 1774554561.5008774,
            "stop": 1774554561.5084178
        },
        "tests": [
            {
                "name": "test_outputs.py::test_outputs",
                "status": "passed",
                "duration": 0.0002968759508803487,
                "start": 1774554561.5063837,
                "stop": 1774554561.506826,
                "retries": 0,
                "file_path": "test_outputs.py"
            }
        ]
    }
}