{
    "results": {
        "tool": {
            "name": "pytest",
            "version": "8.4.1"
        },
        "summary": {
            "tests": 1,
            "passed": 1,
            "failed": 0,
            "skipped": 0,
            "pending": 0,
            "other": 0,
            "start": 1772834869.5937374,
            "stop": 1772834869.6031845
        },
        "tests": [
            {
                "name": "test_outputs.py::test_outputs",
                "status": "passed",
                "duration": 0.000667719985358417,
                "start": 1772834869.6019483,
                "stop": 1772834869.6029074,
                "retries": 0,
                "file_path": "test_outputs.py"
            }
        ]
    }
}