{
    "results": {
        "tool": {
            "name": "pytest",
            "version": "8.4.1"
        },
        "summary": {
            "tests": 1,
            "passed": 1,
            "failed": 0,
            "skipped": 0,
            "pending": 0,
            "other": 0,
            "start": 1773912124.7718735,
            "stop": 1773912124.7773702
        },
        "tests": [
            {
                "name": "test_outputs.py::test_outputs",
                "status": "passed",
                "duration": 0.00032205693423748016,
                "start": 1773912124.776775,
                "stop": 1773912124.77724,
                "retries": 0,
                "file_path": "test_outputs.py"
            }
        ]
    }
}