{
    "results": {
        "tool": {
            "name": "pytest",
            "version": "8.4.1"
        },
        "summary": {
            "tests": 1,
            "passed": 1,
            "failed": 0,
            "skipped": 0,
            "pending": 0,
            "other": 0,
            "start": 1773916248.343248,
            "stop": 1773916248.348649
        },
        "tests": [
            {
                "name": "test_outputs.py::test_outputs",
                "status": "passed",
                "duration": 0.00030450779013335705,
                "start": 1773916248.3480778,
                "stop": 1773916248.3485181,
                "retries": 0,
                "file_path": "test_outputs.py"
            }
        ]
    }
}