{
    "results": {
        "tool": {
            "name": "pytest",
            "version": "8.4.1"
        },
        "summary": {
            "tests": 1,
            "passed": 1,
            "failed": 0,
            "skipped": 0,
            "pending": 0,
            "other": 0,
            "start": 1772832133.2484167,
            "stop": 1772832133.2570837
        },
        "tests": [
            {
                "name": "test_outputs.py::test_outputs",
                "status": "passed",
                "duration": 0.0006805278826504946,
                "start": 1772832133.2558446,
                "stop": 1772832133.256809,
                "retries": 0,
                "file_path": "test_outputs.py"
            }
        ]
    }
}