{
    "results": {
        "tool": {
            "name": "pytest",
            "version": "8.4.1"
        },
        "summary": {
            "tests": 2,
            "passed": 2,
            "failed": 0,
            "skipped": 0,
            "pending": 0,
            "other": 0,
            "start": 1778127660.8713446,
            "stop": 1778127660.8814416
        },
        "tests": [
            {
                "name": "test_final_state.py::test_log_file_exists",
                "status": "passed",
                "duration": 0.0005126900505274534,
                "start": 1778127660.8796496,
                "stop": 1778127660.8804395,
                "retries": 0,
                "file_path": "test_final_state.py"
            },
            {
                "name": "test_final_state.py::test_secret_injected",
                "status": "passed",
                "duration": 0.0005062150303274393,
                "start": 1778127660.8806462,
                "stop": 1778127660.8812835,
                "retries": 0,
                "file_path": "test_final_state.py"
            }
        ]
    }
}