{
    "results": {
        "tool": {
            "name": "pytest",
            "version": "8.4.1"
        },
        "summary": {
            "tests": 1,
            "passed": 1,
            "failed": 0,
            "skipped": 0,
            "pending": 0,
            "other": 0,
            "start": 1772852720.335129,
            "stop": 1772852720.3943064
        },
        "tests": [
            {
                "name": "test_outputs.py::test_outputs",
                "status": "passed",
                "duration": 0.0007705718744546175,
                "start": 1772852720.3930469,
                "stop": 1772852720.3940709,
                "retries": 0,
                "file_path": "test_outputs.py"
            }
        ]
    }
}