{
    "results": {
        "tool": {
            "name": "pytest",
            "version": "8.4.1"
        },
        "summary": {
            "tests": 1,
            "passed": 1,
            "failed": 0,
            "skipped": 0,
            "pending": 0,
            "other": 0,
            "start": 1773918894.0272222,
            "stop": 1773918894.031758
        },
        "tests": [
            {
                "name": "test_outputs.py::test_outputs",
                "status": "passed",
                "duration": 0.0002727434039115906,
                "start": 1773918894.0312726,
                "stop": 1773918894.0316617,
                "retries": 0,
                "file_path": "test_outputs.py"
            }
        ]
    }
}