{
    "results": {
        "tool": {
            "name": "pytest",
            "version": "8.4.1"
        },
        "summary": {
            "tests": 1,
            "passed": 1,
            "failed": 0,
            "skipped": 0,
            "pending": 0,
            "other": 0,
            "start": 1774508720.090464,
            "stop": 1774508720.093538
        },
        "tests": [
            {
                "name": "test_outputs.py::test_outputs",
                "status": "passed",
                "duration": 0.00024283392122015357,
                "start": 1774508720.0930629,
                "stop": 1774508720.0934312,
                "retries": 0,
                "file_path": "test_outputs.py"
            }
        ]
    }
}