{
    "results": {
        "tool": {
            "name": "pytest",
            "version": "8.4.1"
        },
        "summary": {
            "tests": 1,
            "passed": 1,
            "failed": 0,
            "skipped": 0,
            "pending": 0,
            "other": 0,
            "start": 1774507723.0316734,
            "stop": 1774507723.034767
        },
        "tests": [
            {
                "name": "test_outputs.py::test_outputs",
                "status": "passed",
                "duration": 0.00021697196643799543,
                "start": 1774507723.0343282,
                "stop": 1774507723.0346577,
                "retries": 0,
                "file_path": "test_outputs.py"
            }
        ]
    }
}