{
    "results": {
        "tool": {
            "name": "pytest",
            "version": "8.4.1"
        },
        "summary": {
            "tests": 1,
            "passed": 1,
            "failed": 0,
            "skipped": 0,
            "pending": 0,
            "other": 0,
            "start": 1773911503.0436792,
            "stop": 1773911503.0484772
        },
        "tests": [
            {
                "name": "test_outputs.py::test_outputs",
                "status": "passed",
                "duration": 0.00028197839856147766,
                "start": 1773911503.0479617,
                "stop": 1773911503.0483758,
                "retries": 0,
                "file_path": "test_outputs.py"
            }
        ]
    }
}