{
    "results": {
        "tool": {
            "name": "pytest",
            "version": "8.4.1"
        },
        "summary": {
            "tests": 1,
            "passed": 1,
            "failed": 0,
            "skipped": 0,
            "pending": 0,
            "other": 0,
            "start": 1773907862.315355,
            "stop": 1773907862.3575635
        },
        "tests": [
            {
                "name": "test_outputs.py::test_outputs",
                "status": "passed",
                "duration": 0.00031632930040359497,
                "start": 1773907862.3569844,
                "stop": 1773907862.3574493,
                "retries": 0,
                "file_path": "test_outputs.py"
            }
        ]
    }
}