{
    "results": {
        "tool": {
            "name": "pytest",
            "version": "8.4.1"
        },
        "summary": {
            "tests": 1,
            "passed": 1,
            "failed": 0,
            "skipped": 0,
            "pending": 0,
            "other": 0,
            "start": 1773918849.0737185,
            "stop": 1773918849.0784447
        },
        "tests": [
            {
                "name": "test_outputs.py::test_outputs",
                "status": "passed",
                "duration": 0.0003084929776377976,
                "start": 1773918849.0778964,
                "stop": 1773918849.0783315,
                "retries": 0,
                "file_path": "test_outputs.py"
            }
        ]
    }
}