{
    "results": {
        "tool": {
            "name": "pytest",
            "version": "8.4.1"
        },
        "summary": {
            "tests": 1,
            "passed": 1,
            "failed": 0,
            "skipped": 0,
            "pending": 0,
            "other": 0,
            "start": 1772839189.7213445,
            "stop": 1772839189.7805855
        },
        "tests": [
            {
                "name": "test_outputs.py::test_outputs",
                "status": "passed",
                "duration": 0.0007504060631617904,
                "start": 1772839189.77928,
                "stop": 1772839189.7803342,
                "retries": 0,
                "file_path": "test_outputs.py"
            }
        ]
    }
}