{
    "results": {
        "tool": {
            "name": "pytest",
            "version": "8.4.1"
        },
        "summary": {
            "tests": 1,
            "passed": 1,
            "failed": 0,
            "skipped": 0,
            "pending": 0,
            "other": 0,
            "start": 1772836042.6624215,
            "stop": 1772836042.6707838
        },
        "tests": [
            {
                "name": "test_outputs.py::test_outputs",
                "status": "passed",
                "duration": 0.000766333076171577,
                "start": 1772836042.6693828,
                "stop": 1772836042.6704206,
                "retries": 0,
                "file_path": "test_outputs.py"
            }
        ]
    }
}