{
    "results": {
        "tool": {
            "name": "pytest",
            "version": "8.4.1"
        },
        "summary": {
            "tests": 1,
            "passed": 1,
            "failed": 0,
            "skipped": 0,
            "pending": 0,
            "other": 0,
            "start": 1772847091.3151145,
            "stop": 1772847091.324761
        },
        "tests": [
            {
                "name": "test_outputs.py::test_outputs",
                "status": "passed",
                "duration": 0.0006584980292245746,
                "start": 1772847091.3234968,
                "stop": 1772847091.3244743,
                "retries": 0,
                "file_path": "test_outputs.py"
            }
        ]
    }
}