{
    "results": {
        "tool": {
            "name": "pytest",
            "version": "8.4.1"
        },
        "summary": {
            "tests": 1,
            "passed": 1,
            "failed": 0,
            "skipped": 0,
            "pending": 0,
            "other": 0,
            "start": 1772828405.1808856,
            "stop": 1772828405.255979
        },
        "tests": [
            {
                "name": "test_outputs.py::test_outputs",
                "status": "passed",
                "duration": 0.0005585680482909083,
                "start": 1772828405.2549653,
                "stop": 1772828405.2557495,
                "retries": 0,
                "file_path": "test_outputs.py"
            }
        ]
    }
}