{
    "results": {
        "tool": {
            "name": "pytest",
            "version": "8.4.1"
        },
        "summary": {
            "tests": 1,
            "passed": 1,
            "failed": 0,
            "skipped": 0,
            "pending": 0,
            "other": 0,
            "start": 1773288335.213018,
            "stop": 1773288335.2181594
        },
        "tests": [
            {
                "name": "test_outputs.py::test_outputs",
                "status": "passed",
                "duration": 0.00035253330133855343,
                "start": 1773288335.217494,
                "stop": 1773288335.2180002,
                "retries": 0,
                "file_path": "test_outputs.py"
            }
        ]
    }
}