{
    "results": {
        "tool": {
            "name": "pytest",
            "version": "8.4.1"
        },
        "summary": {
            "tests": 1,
            "passed": 1,
            "failed": 0,
            "skipped": 0,
            "pending": 0,
            "other": 0,
            "start": 1772856439.8535285,
            "stop": 1772856439.8626695
        },
        "tests": [
            {
                "name": "test_outputs.py::test_outputs",
                "status": "passed",
                "duration": 0.0008202859899029136,
                "start": 1772856439.861317,
                "stop": 1772856439.8624296,
                "retries": 0,
                "file_path": "test_outputs.py"
            }
        ]
    }
}