{
    "results": {
        "tool": {
            "name": "pytest",
            "version": "8.4.1"
        },
        "summary": {
            "tests": 1,
            "passed": 1,
            "failed": 0,
            "skipped": 0,
            "pending": 0,
            "other": 0,
            "start": 1772858885.2029994,
            "stop": 1772858885.210512
        },
        "tests": [
            {
                "name": "test_outputs.py::test_outputs",
                "status": "passed",
                "duration": 0.0007189629832282662,
                "start": 1772858885.2092705,
                "stop": 1772858885.2102647,
                "retries": 0,
                "file_path": "test_outputs.py"
            }
        ]
    }
}