{
    "results": {
        "tool": {
            "name": "pytest",
            "version": "8.4.1"
        },
        "summary": {
            "tests": 1,
            "passed": 1,
            "failed": 0,
            "skipped": 0,
            "pending": 0,
            "other": 0,
            "start": 1773302759.8968182,
            "stop": 1773302759.901325
        },
        "tests": [
            {
                "name": "test_outputs.py::test_outputs",
                "status": "passed",
                "duration": 0.00031362054869532585,
                "start": 1773302759.9007688,
                "stop": 1773302759.901221,
                "retries": 0,
                "file_path": "test_outputs.py"
            }
        ]
    }
}