{
    "results": {
        "tool": {
            "name": "pytest",
            "version": "8.4.1"
        },
        "summary": {
            "tests": 1,
            "passed": 1,
            "failed": 0,
            "skipped": 0,
            "pending": 0,
            "other": 0,
            "start": 1773912020.6359537,
            "stop": 1773912020.641538
        },
        "tests": [
            {
                "name": "test_outputs.py::test_outputs",
                "status": "passed",
                "duration": 0.0003779325634241104,
                "start": 1773912020.640844,
                "stop": 1773912020.6413991,
                "retries": 0,
                "file_path": "test_outputs.py"
            }
        ]
    }
}