{
    "results": {
        "tool": {
            "name": "pytest",
            "version": "8.4.1"
        },
        "summary": {
            "tests": 1,
            "passed": 1,
            "failed": 0,
            "skipped": 0,
            "pending": 0,
            "other": 0,
            "start": 1772820732.9954388,
            "stop": 1772820733.006341
        },
        "tests": [
            {
                "name": "test_outputs.py::test_outputs",
                "status": "passed",
                "duration": 0.0006882610032334924,
                "start": 1772820733.0042489,
                "stop": 1772820733.0058918,
                "retries": 0,
                "file_path": "test_outputs.py"
            }
        ]
    }
}