{
    "results": {
        "tool": {
            "name": "pytest",
            "version": "8.4.1"
        },
        "summary": {
            "tests": 1,
            "passed": 1,
            "failed": 0,
            "skipped": 0,
            "pending": 0,
            "other": 0,
            "start": 1773911868.6576893,
            "stop": 1773911868.6630177
        },
        "tests": [
            {
                "name": "test_outputs.py::test_outputs",
                "status": "passed",
                "duration": 0.00032936292700469494,
                "start": 1773911868.662434,
                "stop": 1773911868.6629045,
                "retries": 0,
                "file_path": "test_outputs.py"
            }
        ]
    }
}