{
    "results": {
        "tool": {
            "name": "pytest",
            "version": "8.4.1"
        },
        "summary": {
            "tests": 2,
            "passed": 2,
            "failed": 0,
            "skipped": 0,
            "pending": 0,
            "other": 0,
            "start": 1778064185.2834063,
            "stop": 1778064185.2985537
        },
        "tests": [
            {
                "name": "test_final_state.py::test_output_log_exists",
                "status": "passed",
                "duration": 0.0006037210114300251,
                "start": 1778064185.2934344,
                "stop": 1778064185.2942634,
                "retries": 0,
                "file_path": "test_final_state.py"
            },
            {
                "name": "test_final_state.py::test_output_log_content",
                "status": "passed",
                "duration": 0.0036637349985539913,
                "start": 1778064185.2944736,
                "stop": 1778064185.2983632,
                "retries": 0,
                "file_path": "test_final_state.py"
            }
        ]
    }
}