{
    "results": {
        "tool": {
            "name": "pytest",
            "version": "8.4.1"
        },
        "summary": {
            "tests": 1,
            "passed": 1,
            "failed": 0,
            "skipped": 0,
            "pending": 0,
            "other": 0,
            "start": 1773905128.1305058,
            "stop": 1773905128.1352313
        },
        "tests": [
            {
                "name": "test_outputs.py::test_outputs",
                "status": "passed",
                "duration": 0.0002848519943654537,
                "start": 1773905128.1347167,
                "stop": 1773905128.1351242,
                "retries": 0,
                "file_path": "test_outputs.py"
            }
        ]
    }
}