{
    "results": {
        "tool": {
            "name": "pytest",
            "version": "8.4.1"
        },
        "summary": {
            "tests": 2,
            "passed": 2,
            "failed": 0,
            "skipped": 0,
            "pending": 0,
            "other": 0,
            "start": 1776225502.3171544,
            "stop": 1776225502.3287475
        },
        "tests": [
            {
                "name": "test_final_state.py::test_output_file_exists",
                "status": "passed",
                "duration": 0.0006341561675071716,
                "start": 1776225502.3266826,
                "stop": 1776225502.3276005,
                "retries": 0,
                "file_path": "test_final_state.py"
            },
            {
                "name": "test_final_state.py::test_output_file_content",
                "status": "passed",
                "duration": 0.0005391854792833328,
                "start": 1776225502.3278499,
                "stop": 1776225502.3285422,
                "retries": 0,
                "file_path": "test_final_state.py"
            }
        ]
    }
}