{
    "results": {
        "tool": {
            "name": "pytest",
            "version": "8.4.1"
        },
        "summary": {
            "tests": 1,
            "passed": 1,
            "failed": 0,
            "skipped": 0,
            "pending": 0,
            "other": 0,
            "start": 1772831967.0690641,
            "stop": 1772831967.0784323
        },
        "tests": [
            {
                "name": "test_outputs.py::test_outputs",
                "status": "passed",
                "duration": 0.0008217740105465055,
                "start": 1772831967.0770812,
                "stop": 1772831967.0781806,
                "retries": 0,
                "file_path": "test_outputs.py"
            }
        ]
    }
}