{
    "results": {
        "tool": {
            "name": "pytest",
            "version": "8.4.1"
        },
        "summary": {
            "tests": 1,
            "passed": 1,
            "failed": 0,
            "skipped": 0,
            "pending": 0,
            "other": 0,
            "start": 1772842232.804189,
            "stop": 1772842232.8116312
        },
        "tests": [
            {
                "name": "test_outputs.py::test_outputs",
                "status": "passed",
                "duration": 0.0008777459152042866,
                "start": 1772842232.8102882,
                "stop": 1772842232.8114069,
                "retries": 0,
                "file_path": "test_outputs.py"
            }
        ]
    }
}