{
    "results": {
        "tool": {
            "name": "pytest",
            "version": "8.4.1"
        },
        "summary": {
            "tests": 1,
            "passed": 1,
            "failed": 0,
            "skipped": 0,
            "pending": 0,
            "other": 0,
            "start": 1772857323.2201536,
            "stop": 1772857323.229121
        },
        "tests": [
            {
                "name": "test_outputs.py::test_outputs",
                "status": "passed",
                "duration": 0.0007470510900020599,
                "start": 1772857323.2278078,
                "stop": 1772857323.228831,
                "retries": 0,
                "file_path": "test_outputs.py"
            }
        ]
    }
}