{
    "results": {
        "tool": {
            "name": "pytest",
            "version": "8.4.1"
        },
        "summary": {
            "tests": 1,
            "passed": 1,
            "failed": 0,
            "skipped": 0,
            "pending": 0,
            "other": 0,
            "start": 1773918927.6236317,
            "stop": 1773918927.6279523
        },
        "tests": [
            {
                "name": "test_outputs.py::test_outputs",
                "status": "passed",
                "duration": 0.0002636779099702835,
                "start": 1773918927.627477,
                "stop": 1773918927.6278567,
                "retries": 0,
                "file_path": "test_outputs.py"
            }
        ]
    }
}