{
    "results": {
        "tool": {
            "name": "pytest",
            "version": "8.4.1"
        },
        "summary": {
            "tests": 1,
            "passed": 1,
            "failed": 0,
            "skipped": 0,
            "pending": 0,
            "other": 0,
            "start": 1772825841.9375098,
            "stop": 1772825841.9968715
        },
        "tests": [
            {
                "name": "test_outputs.py::test_outputs",
                "status": "passed",
                "duration": 0.0007313190726563334,
                "start": 1772825841.9956048,
                "stop": 1772825841.9966154,
                "retries": 0,
                "file_path": "test_outputs.py"
            }
        ]
    }
}