{
    "results": {
        "tool": {
            "name": "pytest",
            "version": "8.4.1"
        },
        "summary": {
            "tests": 2,
            "passed": 2,
            "failed": 0,
            "skipped": 0,
            "pending": 0,
            "other": 0,
            "start": 1776225166.4881861,
            "stop": 1776225166.5237277
        },
        "tests": [
            {
                "name": "test_final_state.py::test_config_restored",
                "status": "passed",
                "duration": 0.0006632180884480476,
                "start": 1776225166.4984713,
                "stop": 1776225166.4993432,
                "retries": 0,
                "file_path": "test_final_state.py"
            },
            {
                "name": "test_final_state.py::test_jj_repo_intact",
                "status": "passed",
                "duration": 0.02370647620409727,
                "start": 1776225166.4995763,
                "stop": 1776225166.5234745,
                "retries": 0,
                "file_path": "test_final_state.py"
            }
        ]
    }
}