{
    "results": {
        "tool": {
            "name": "pytest",
            "version": "8.4.1"
        },
        "summary": {
            "tests": 1,
            "passed": 1,
            "failed": 0,
            "skipped": 0,
            "pending": 0,
            "other": 0,
            "start": 1773241781.0884776,
            "stop": 1773241781.0929818
        },
        "tests": [
            {
                "name": "test_outputs.py::test_outputs",
                "status": "passed",
                "duration": 0.0002791993319988251,
                "start": 1773241781.0924828,
                "stop": 1773241781.0928824,
                "retries": 0,
                "file_path": "test_outputs.py"
            }
        ]
    }
}