{
    "results": {
        "tool": {
            "name": "pytest",
            "version": "8.4.1"
        },
        "summary": {
            "tests": 1,
            "passed": 1,
            "failed": 0,
            "skipped": 0,
            "pending": 0,
            "other": 0,
            "start": 1772838338.051123,
            "stop": 1772838338.0595796
        },
        "tests": [
            {
                "name": "test_outputs.py::test_outputs",
                "status": "passed",
                "duration": 0.0007922310614958405,
                "start": 1772838338.058215,
                "stop": 1772838338.0592945,
                "retries": 0,
                "file_path": "test_outputs.py"
            }
        ]
    }
}