{
    "results": {
        "tool": {
            "name": "pytest",
            "version": "8.4.1"
        },
        "summary": {
            "tests": 1,
            "passed": 1,
            "failed": 0,
            "skipped": 0,
            "pending": 0,
            "other": 0,
            "start": 1772863255.0344243,
            "stop": 1772863255.0435886
        },
        "tests": [
            {
                "name": "test_outputs.py::test_outputs",
                "status": "passed",
                "duration": 0.0008186900522559881,
                "start": 1772863255.0421598,
                "stop": 1772863255.0433354,
                "retries": 0,
                "file_path": "test_outputs.py"
            }
        ]
    }
}