{
    "results": {
        "tool": {
            "name": "pytest",
            "version": "8.4.1"
        },
        "summary": {
            "tests": 1,
            "passed": 1,
            "failed": 0,
            "skipped": 0,
            "pending": 0,
            "other": 0,
            "start": 1773904950.342428,
            "stop": 1773904950.3478522
        },
        "tests": [
            {
                "name": "test_outputs.py::test_outputs",
                "status": "passed",
                "duration": 0.00034359213896095753,
                "start": 1773904950.3472116,
                "stop": 1773904950.3476987,
                "retries": 0,
                "file_path": "test_outputs.py"
            }
        ]
    }
}