{
    "results": {
        "tool": {
            "name": "pytest",
            "version": "8.4.1"
        },
        "summary": {
            "tests": 1,
            "passed": 1,
            "failed": 0,
            "skipped": 0,
            "pending": 0,
            "other": 0,
            "start": 1772831712.5261087,
            "stop": 1772831712.5341752
        },
        "tests": [
            {
                "name": "test_outputs.py::test_outputs",
                "status": "passed",
                "duration": 0.0007533560274168849,
                "start": 1772831712.532932,
                "stop": 1772831712.533947,
                "retries": 0,
                "file_path": "test_outputs.py"
            }
        ]
    }
}