{
    "results": {
        "tool": {
            "name": "pytest",
            "version": "8.4.1"
        },
        "summary": {
            "tests": 1,
            "passed": 1,
            "failed": 0,
            "skipped": 0,
            "pending": 0,
            "other": 0,
            "start": 1772828861.5315382,
            "stop": 1772828861.5389876
        },
        "tests": [
            {
                "name": "test_outputs.py::test_outputs",
                "status": "passed",
                "duration": 0.0007696999236941338,
                "start": 1772828861.537726,
                "stop": 1772828861.5387459,
                "retries": 0,
                "file_path": "test_outputs.py"
            }
        ]
    }
}