{
    "results": {
        "tool": {
            "name": "pytest",
            "version": "8.4.1"
        },
        "summary": {
            "tests": 1,
            "passed": 1,
            "failed": 0,
            "skipped": 0,
            "pending": 0,
            "other": 0,
            "start": 1772834617.1193337,
            "stop": 1772834617.1268604
        },
        "tests": [
            {
                "name": "test_outputs.py::test_outputs",
                "status": "passed",
                "duration": 0.0007451201090589166,
                "start": 1772834617.1255932,
                "stop": 1772834617.1265876,
                "retries": 0,
                "file_path": "test_outputs.py"
            }
        ]
    }
}