{
    "results": {
        "tool": {
            "name": "pytest",
            "version": "8.4.1"
        },
        "summary": {
            "tests": 1,
            "passed": 1,
            "failed": 0,
            "skipped": 0,
            "pending": 0,
            "other": 0,
            "start": 1773911148.0473342,
            "stop": 1773911148.0859275
        },
        "tests": [
            {
                "name": "test_outputs.py::test_outputs",
                "status": "passed",
                "duration": 0.00031073112040758133,
                "start": 1773911148.085374,
                "stop": 1773911148.085823,
                "retries": 0,
                "file_path": "test_outputs.py"
            }
        ]
    }
}