{
    "results": {
        "tool": {
            "name": "pytest",
            "version": "8.4.1"
        },
        "summary": {
            "tests": 1,
            "passed": 1,
            "failed": 0,
            "skipped": 0,
            "pending": 0,
            "other": 0,
            "start": 1772823062.4664128,
            "stop": 1772823062.4741995
        },
        "tests": [
            {
                "name": "test_outputs.py::test_outputs",
                "status": "passed",
                "duration": 0.0007586069405078888,
                "start": 1772823062.4729283,
                "stop": 1772823062.4739237,
                "retries": 0,
                "file_path": "test_outputs.py"
            }
        ]
    }
}