{
    "results": {
        "tool": {
            "name": "pytest",
            "version": "8.4.1"
        },
        "summary": {
            "tests": 1,
            "passed": 1,
            "failed": 0,
            "skipped": 0,
            "pending": 0,
            "other": 0,
            "start": 1772850838.1562738,
            "stop": 1772850838.1648612
        },
        "tests": [
            {
                "name": "test_outputs.py::test_outputs",
                "status": "passed",
                "duration": 0.0005547360051423311,
                "start": 1772850838.1637893,
                "stop": 1772850838.1645894,
                "retries": 0,
                "file_path": "test_outputs.py"
            }
        ]
    }
}