{
    "results": {
        "tool": {
            "name": "pytest",
            "version": "8.4.1"
        },
        "summary": {
            "tests": 1,
            "passed": 1,
            "failed": 0,
            "skipped": 0,
            "pending": 0,
            "other": 0,
            "start": 1773905423.1359825,
            "stop": 1773905423.1412282
        },
        "tests": [
            {
                "name": "test_outputs.py::test_outputs",
                "status": "passed",
                "duration": 0.0003181728534400463,
                "start": 1773905423.1406674,
                "stop": 1773905423.1411188,
                "retries": 0,
                "file_path": "test_outputs.py"
            }
        ]
    }
}