{
    "results": {
        "tool": {
            "name": "pytest",
            "version": "8.4.1"
        },
        "summary": {
            "tests": 1,
            "passed": 1,
            "failed": 0,
            "skipped": 0,
            "pending": 0,
            "other": 0,
            "start": 1772841566.430463,
            "stop": 1772841566.4387658
        },
        "tests": [
            {
                "name": "test_outputs.py::test_outputs",
                "status": "passed",
                "duration": 0.000858160899952054,
                "start": 1772841566.4373374,
                "stop": 1772841566.4384522,
                "retries": 0,
                "file_path": "test_outputs.py"
            }
        ]
    }
}