{
    "results": {
        "tool": {
            "name": "pytest",
            "version": "8.4.1"
        },
        "summary": {
            "tests": 1,
            "passed": 1,
            "failed": 0,
            "skipped": 0,
            "pending": 0,
            "other": 0,
            "start": 1772860897.7394485,
            "stop": 1772860897.8024664
        },
        "tests": [
            {
                "name": "test_outputs.py::test_outputs",
                "status": "passed",
                "duration": 0.0006269910372793674,
                "start": 1772860897.8012931,
                "stop": 1772860897.8022106,
                "retries": 0,
                "file_path": "test_outputs.py"
            }
        ]
    }
}