{
    "results": {
        "tool": {
            "name": "pytest",
            "version": "8.4.1"
        },
        "summary": {
            "tests": 1,
            "passed": 1,
            "failed": 0,
            "skipped": 0,
            "pending": 0,
            "other": 0,
            "start": 1773912321.4235349,
            "stop": 1773912321.427913
        },
        "tests": [
            {
                "name": "test_outputs.py::test_outputs",
                "status": "passed",
                "duration": 0.0002673780545592308,
                "start": 1773912321.4274306,
                "stop": 1773912321.4278166,
                "retries": 0,
                "file_path": "test_outputs.py"
            }
        ]
    }
}