{
    "results": {
        "tool": {
            "name": "pytest",
            "version": "8.4.1"
        },
        "summary": {
            "tests": 1,
            "passed": 1,
            "failed": 0,
            "skipped": 0,
            "pending": 0,
            "other": 0,
            "start": 1773288393.2367187,
            "stop": 1773288393.2410655
        },
        "tests": [
            {
                "name": "test_outputs.py::test_outputs",
                "status": "passed",
                "duration": 0.0002652169205248356,
                "start": 1773288393.2405875,
                "stop": 1773288393.240969,
                "retries": 0,
                "file_path": "test_outputs.py"
            }
        ]
    }
}