{
    "results": {
        "tool": {
            "name": "pytest",
            "version": "8.4.1"
        },
        "summary": {
            "tests": 1,
            "passed": 1,
            "failed": 0,
            "skipped": 0,
            "pending": 0,
            "other": 0,
            "start": 1773912168.561751,
            "stop": 1773912168.5663626
        },
        "tests": [
            {
                "name": "test_outputs.py::test_outputs",
                "status": "passed",
                "duration": 0.0002966460306197405,
                "start": 1773912168.5658267,
                "stop": 1773912168.566248,
                "retries": 0,
                "file_path": "test_outputs.py"
            }
        ]
    }
}