{
    "results": {
        "tool": {
            "name": "pytest",
            "version": "8.4.1"
        },
        "summary": {
            "tests": 1,
            "passed": 1,
            "failed": 0,
            "skipped": 0,
            "pending": 0,
            "other": 0,
            "start": 1773911453.3927705,
            "stop": 1773911453.398038
        },
        "tests": [
            {
                "name": "test_outputs.py::test_outputs",
                "status": "passed",
                "duration": 0.0003123721107840538,
                "start": 1773911453.3974695,
                "stop": 1773911453.3979225,
                "retries": 0,
                "file_path": "test_outputs.py"
            }
        ]
    }
}