{
    "results": {
        "tool": {
            "name": "pytest",
            "version": "8.4.1"
        },
        "summary": {
            "tests": 2,
            "passed": 2,
            "failed": 0,
            "skipped": 0,
            "pending": 0,
            "other": 0,
            "start": 1776224596.5396216,
            "stop": 1776224596.674343
        },
        "tests": [
            {
                "name": "test_final_state.py::test_file_content",
                "status": "passed",
                "duration": 0.0005998639389872551,
                "start": 1776224596.6445777,
                "stop": 1776224596.645439,
                "retries": 0,
                "file_path": "test_final_state.py"
            },
            {
                "name": "test_final_state.py::test_jj_log",
                "status": "passed",
                "duration": 0.0280606746673584,
                "start": 1776224596.645666,
                "stop": 1776224596.674119,
                "retries": 0,
                "file_path": "test_final_state.py"
            }
        ]
    }
}