{
    "results": {
        "tool": {
            "name": "pytest",
            "version": "8.4.1"
        },
        "summary": {
            "tests": 1,
            "passed": 1,
            "failed": 0,
            "skipped": 0,
            "pending": 0,
            "other": 0,
            "start": 1773288620.2385902,
            "stop": 1773288620.2439587
        },
        "tests": [
            {
                "name": "test_outputs.py::test_outputs",
                "status": "passed",
                "duration": 0.00031662790570408106,
                "start": 1773288620.2433825,
                "stop": 1773288620.243846,
                "retries": 0,
                "file_path": "test_outputs.py"
            }
        ]
    }
}