{
    "results": {
        "tool": {
            "name": "pytest",
            "version": "8.4.1"
        },
        "summary": {
            "tests": 1,
            "passed": 1,
            "failed": 0,
            "skipped": 0,
            "pending": 0,
            "other": 0,
            "start": 1772839533.3148894,
            "stop": 1772839533.3240285
        },
        "tests": [
            {
                "name": "test_outputs.py::test_outputs",
                "status": "passed",
                "duration": 0.0005941911367699504,
                "start": 1772839533.322941,
                "stop": 1772839533.3237627,
                "retries": 0,
                "file_path": "test_outputs.py"
            }
        ]
    }
}