{
    "results": {
        "tool": {
            "name": "pytest",
            "version": "8.4.1"
        },
        "summary": {
            "tests": 1,
            "passed": 1,
            "failed": 0,
            "skipped": 0,
            "pending": 0,
            "other": 0,
            "start": 1774507614.0099256,
            "stop": 1774507614.0128233
        },
        "tests": [
            {
                "name": "test_outputs.py::test_outputs",
                "status": "passed",
                "duration": 0.0002513520303182304,
                "start": 1774507614.0123034,
                "stop": 1774507614.0126817,
                "retries": 0,
                "file_path": "test_outputs.py"
            }
        ]
    }
}