{
    "results": {
        "tool": {
            "name": "pytest",
            "version": "8.4.1"
        },
        "summary": {
            "tests": 1,
            "passed": 1,
            "failed": 0,
            "skipped": 0,
            "pending": 0,
            "other": 0,
            "start": 1773288058.0455713,
            "stop": 1773288058.0817006
        },
        "tests": [
            {
                "name": "test_outputs.py::test_outputs",
                "status": "passed",
                "duration": 0.00024792016483843327,
                "start": 1773288058.0812066,
                "stop": 1773288058.0815926,
                "retries": 0,
                "file_path": "test_outputs.py"
            }
        ]
    }
}