{
    "results": {
        "tool": {
            "name": "pytest",
            "version": "8.4.1"
        },
        "summary": {
            "tests": 1,
            "passed": 1,
            "failed": 0,
            "skipped": 0,
            "pending": 0,
            "other": 0,
            "start": 1772842027.5459988,
            "stop": 1772842027.6163511
        },
        "tests": [
            {
                "name": "test_outputs.py::test_outputs",
                "status": "passed",
                "duration": 0.0006925230845808983,
                "start": 1772842027.6150866,
                "stop": 1772842027.616122,
                "retries": 0,
                "file_path": "test_outputs.py"
            }
        ]
    }
}