{
    "results": {
        "tool": {
            "name": "pytest",
            "version": "8.4.1"
        },
        "summary": {
            "tests": 1,
            "passed": 1,
            "failed": 0,
            "skipped": 0,
            "pending": 0,
            "other": 0,
            "start": 1772834687.2562723,
            "stop": 1772834687.2646155
        },
        "tests": [
            {
                "name": "test_outputs.py::test_outputs",
                "status": "passed",
                "duration": 0.0008437760407105088,
                "start": 1772834687.2632027,
                "stop": 1772834687.2643235,
                "retries": 0,
                "file_path": "test_outputs.py"
            }
        ]
    }
}