{
    "results": {
        "tool": {
            "name": "pytest",
            "version": "8.4.1"
        },
        "summary": {
            "tests": 1,
            "passed": 1,
            "failed": 0,
            "skipped": 0,
            "pending": 0,
            "other": 0,
            "start": 1773916423.7928028,
            "stop": 1773916423.7974677
        },
        "tests": [
            {
                "name": "test_outputs.py::test_outputs",
                "status": "passed",
                "duration": 0.00028570089489221573,
                "start": 1773916423.7969413,
                "stop": 1773916423.7973528,
                "retries": 0,
                "file_path": "test_outputs.py"
            }
        ]
    }
}